sequence_id,Alkaloid,NRP,Other,Polyketide,RiPP,Saccharide,Terpene
BGC0000972,0,1,0,1,0,0,0
BGC0000966,0,1,0,1,0,0,0
BGC0002181,0,0,0,0,0,0,1
BGC0001488,0,0,1,0,0,0,0
BGC0000796,0,0,0,0,0,1,0
BGC0000782,0,0,0,0,0,1,0
BGC0002195,0,0,1,0,0,0,0
BGC0000769,0,0,0,0,0,1,0
BGC0001477,0,1,0,1,0,0,0
BGC0001311,0,0,0,0,1,0,0
BGC0002618,0,0,0,0,0,0,1
BGC0001305,0,0,0,1,0,0,0
BGC0001463,0,0,1,0,0,0,0
BGC0000755,0,0,0,0,0,1,0
BGC0002142,0,0,0,1,0,0,0
BGC0002624,0,1,0,1,0,0,0
BGC0000033,0,0,0,1,0,0,0
BGC0001339,0,0,0,1,0,0,0
BGC0000027,0,0,0,1,0,0,0
BGC0002630,0,0,0,0,1,0,0
BGC0000741,0,0,0,0,0,1,0
BGC0000999,0,1,0,1,0,0,0
BGC0000594,0,0,0,0,1,0,0
BGC0001852,0,0,0,1,0,1,0
BGC0002383,0,0,0,1,0,0,0
BGC0002397,0,0,0,0,0,0,1
BGC0000580,0,0,0,0,1,0,0
BGC0001846,0,1,0,0,0,1,0
BGC0001113,0,1,0,1,0,0,0
BGC0001675,0,0,0,1,0,0,0
BGC0001661,0,0,0,1,0,0,0
BGC0000219,0,0,0,1,0,1,0
BGC0000231,0,0,0,1,0,0,0
BGC0002426,0,1,0,0,0,0,0
BGC0002340,0,1,1,0,0,0,0
BGC0001649,0,0,0,1,0,0,0
BGC0000557,0,0,0,0,1,0,0
BGC0001891,0,0,1,0,0,0,0
BGC0000543,0,0,0,0,1,0,0
BGC0001885,0,1,0,1,0,0,0
BGC0002354,0,0,0,0,1,0,0
BGC0002432,0,1,0,0,0,0,0
BGC0000225,0,0,0,1,0,0,0
BGC0002591,0,0,0,1,0,0,1
BGC0000386,0,1,0,0,0,0,0
BGC0001098,0,1,0,1,0,0,0
BGC0001926,0,0,0,1,0,0,0
BGC0000392,0,1,0,0,0,0,0
BGC0002585,0,0,1,0,0,0,0
BGC0001067,0,0,0,1,0,0,1
BGC0000379,0,1,0,0,0,0,0
BGC0001701,0,0,0,0,1,0,0
BGC0002208,0,1,0,0,0,0,0
BGC0001715,0,1,0,0,0,0,0
BGC0001073,0,1,0,1,0,0,0
BGC0000345,0,1,0,1,0,0,0
BGC0002552,0,0,0,1,0,0,0
BGC0002234,0,0,0,1,0,0,0
BGC0000423,0,1,0,0,0,0,0
BGC0000437,0,1,0,0,0,0,0
BGC0001729,0,0,0,1,0,0,1
BGC0002220,0,0,0,0,0,0,1
BGC0002546,0,1,0,1,0,0,0
BGC0000351,0,1,0,0,0,0,0
BGC0000806,0,0,0,0,0,1,0
BGC0000812,1,0,0,0,0,0,0
BGC0000184,0,0,0,1,0,0,0
BGC0000190,0,0,0,1,0,0,0
BGC0001503,0,0,0,1,0,0,0
BGC0001517,0,1,0,0,0,0,0
BGC0000609,0,0,0,0,1,0,0
BGC0000621,0,0,0,0,1,0,0
BGC0002036,0,0,1,0,0,0,0
BGC0000147,0,0,0,1,0,0,0
BGC0000153,0,1,0,1,0,0,0
BGC0002022,0,0,0,1,0,0,0
BGC0000635,0,0,0,0,0,0,1
BGC0002745,0,0,0,1,0,0,0
BGC0000152,0,0,0,1,0,0,0
BGC0000634,0,0,0,0,0,0,1
BGC0002037,0,1,0,0,0,0,0
BGC0000620,0,0,0,0,1,0,0
BGC0001258,0,0,0,1,0,0,0
BGC0000146,0,0,0,1,0,0,0
BGC0000608,0,0,0,0,1,0,0
BGC0001516,0,1,0,0,0,0,0
BGC0001502,0,1,0,0,0,0,0
BGC0001264,0,0,0,1,0,0,0
BGC0000191,0,0,0,1,0,0,0
BGC0000185,0,0,0,1,0,0,0
BGC0000813,1,0,0,0,0,0,0
BGC0000807,0,0,0,0,0,1,0
BGC0002221,0,0,0,0,0,0,1
BGC0001728,0,1,0,1,0,0,0
BGC0000436,0,1,0,0,0,0,0
BGC0000350,0,1,0,0,0,0,0
BGC0002547,0,0,0,1,0,0,0
BGC0002553,0,0,1,0,0,0,0
BGC0000344,0,1,0,0,0,0,0
BGC0000422,0,1,0,0,0,0,0
BGC0002235,0,1,0,1,0,0,0
BGC0001072,0,0,1,1,0,1,0
BGC0000378,0,1,0,0,0,0,0
BGC0001066,0,0,0,1,0,0,0
BGC0002209,0,0,0,1,0,0,0
BGC0001700,0,0,0,1,0,0,0
BGC0002584,0,0,0,0,1,0,0
BGC0000393,0,1,0,1,0,0,0
BGC0001099,0,1,0,1,0,0,0
BGC0000387,0,1,0,0,0,0,0
BGC0001927,0,0,1,0,0,0,0
BGC0002355,0,0,1,1,0,0,0
BGC0001884,0,1,0,1,0,0,0
BGC0000542,0,0,0,0,1,0,0
BGC0000224,0,0,0,1,0,0,0
BGC0002433,0,1,0,0,0,0,0
BGC0002427,0,0,0,1,0,0,1
BGC0000230,0,0,0,1,0,0,0
BGC0001890,0,1,0,0,0,0,0
BGC0000556,0,0,0,0,1,0,0
BGC0001648,0,0,0,1,0,0,0
BGC0002341,0,0,1,0,0,0,0
BGC0001660,0,0,0,0,1,0,0
BGC0002369,0,0,0,1,0,0,0
BGC0001106,0,1,0,1,0,0,0
BGC0000218,0,0,0,1,0,0,0
BGC0001112,0,1,0,1,0,0,0
BGC0001674,0,0,0,0,1,0,0
BGC0001847,0,0,1,0,0,0,0
BGC0000581,0,0,0,0,1,0,0
BGC0002396,0,0,0,0,0,0,1
BGC0002382,0,0,0,0,1,0,0
BGC0001853,0,1,0,1,0,0,0
BGC0000595,0,0,0,0,1,0,0
BGC0002631,0,0,0,0,1,0,0
BGC0000026,0,0,0,0,0,1,0
BGC0001338,0,0,0,1,0,0,0
BGC0000998,0,1,0,1,0,0,0
BGC0000740,0,0,0,0,0,1,0
BGC0002157,1,1,0,0,0,0,0
BGC0002143,0,0,0,1,0,0,0
BGC0000754,0,0,0,0,0,1,0
BGC0000032,0,0,0,1,0,0,0
BGC0002625,0,1,0,1,0,0,0
BGC0001304,0,0,0,1,0,0,0
BGC0001462,0,1,0,0,0,0,0
BGC0001476,0,0,1,0,0,0,0
BGC0000768,0,0,0,0,0,1,0
BGC0002619,0,0,0,1,0,0,0
BGC0001310,0,0,0,1,0,0,0
BGC0002194,0,0,0,1,0,0,0
BGC0000783,0,0,0,0,0,1,0
BGC0000797,0,0,0,0,0,1,0
BGC0001489,0,0,0,1,0,0,0
BGC0002180,0,0,0,1,0,0,0
BGC0000967,0,1,0,1,0,0,0
BGC0000973,0,1,0,1,0,0,0
BGC0000965,0,0,0,1,0,0,0
BGC0000971,0,1,0,1,0,0,0
BGC0000959,0,1,0,1,0,0,0
BGC0000781,0,0,0,0,0,1,0
BGC0002196,0,0,0,1,0,0,0
BGC0000795,0,0,0,0,0,1,0
BGC0001460,0,1,0,0,0,0,0
BGC0002169,0,1,0,1,0,0,0
BGC0001306,0,0,0,0,1,0,0
BGC0000018,0,0,0,1,0,0,0
BGC0001312,0,1,0,0,0,0,0
BGC0001474,0,0,0,0,1,0,0
BGC0002155,0,0,0,1,0,0,0
BGC0000742,0,0,0,0,0,1,0
BGC0000024,0,0,0,1,0,0,0
BGC0002633,0,0,1,0,0,0,0
BGC0002627,0,0,0,0,1,0,0
BGC0000030,0,0,0,1,0,0,0
BGC0000756,0,0,0,0,0,1,0
BGC0001448,0,1,0,0,0,0,0
BGC0002141,0,0,0,1,0,0,0
BGC0001879,0,0,1,0,0,0,0
BGC0002394,0,0,0,0,0,0,1
BGC0000583,0,0,0,0,1,0,0
BGC0001845,0,1,1,1,0,0,0
BGC0000597,0,0,0,0,1,0,0
BGC0001851,0,0,0,1,0,1,0
BGC0002380,0,0,0,0,1,0,0
BGC0001662,0,0,0,1,0,0,0
BGC0000568,0,0,0,0,1,0,0
BGC0002419,0,1,0,1,0,0,0
BGC0001110,0,1,0,1,0,0,0
BGC0002431,0,0,0,1,0,1,0
BGC0000226,0,0,0,1,0,0,0
BGC0001138,0,0,1,0,0,0,0
BGC0000540,0,0,0,0,1,0,0
BGC0001886,0,0,0,1,0,0,0
BGC0002357,0,0,1,1,0,0,0
BGC0002343,1,0,0,0,1,0,0
BGC0000554,0,0,0,0,1,0,0
BGC0001892,0,0,0,1,0,0,0
BGC0000232,0,0,0,1,0,0,0
BGC0002425,0,0,0,0,1,0,0
BGC0001919,0,1,0,1,0,0,0
BGC0000391,0,1,0,0,0,0,0
BGC0002586,0,0,0,0,1,0,0
BGC0001931,0,0,0,1,0,0,0
BGC0001925,1,0,0,0,0,0,0
BGC0002592,0,0,0,1,0,0,0
BGC0000385,0,1,0,0,0,0,0
BGC0001070,0,1,0,1,0,0,0
BGC0002579,0,0,0,0,1,0,0
BGC0000408,0,1,0,0,0,0,0
BGC0001716,0,1,0,0,0,0,0
BGC0001702,0,1,0,1,0,0,0
BGC0001064,0,0,0,1,0,0,0
BGC0002545,0,0,0,1,0,0,0
BGC0000352,0,1,0,0,0,0,0
BGC0000434,0,1,0,0,0,0,0
BGC0002223,0,0,0,1,0,0,0
BGC0002237,0,0,0,1,0,0,0
BGC0000420,0,1,0,0,0,0,0
BGC0001058,0,1,0,1,0,1,0
BGC0000346,0,1,0,1,0,0,0
BGC0002551,1,0,0,0,1,0,1
BGC0000811,1,0,0,0,0,0,0
BGC0000193,0,0,0,1,0,0,0
BGC0001299,0,0,0,1,0,0,0
BGC0000187,0,0,0,1,0,0,0
BGC0000839,0,0,1,0,0,0,0
BGC0001514,0,0,1,0,0,0,0
BGC0000178,0,0,0,1,0,0,0
BGC0001266,0,0,0,1,0,0,0
BGC0002009,0,0,0,1,0,0,0
BGC0001500,0,0,0,1,0,0,0
BGC0002021,0,0,0,1,0,0,0
BGC0001528,0,0,0,0,0,0,1
BGC0000636,0,0,0,0,0,0,1
BGC0000150,0,1,0,1,0,0,0
BGC0002747,0,0,0,0,1,0,0
BGC0000144,0,0,0,1,0,0,0
BGC0000622,0,0,0,0,1,0,0
BGC0002035,0,1,0,1,0,0,0
BGC0000145,0,1,0,1,0,0,0
BGC0002034,0,0,1,0,0,0,0
BGC0000623,0,0,0,0,1,0,0
BGC0000637,0,0,0,0,0,0,1
BGC0001529,1,0,0,0,0,0,0
BGC0002020,0,1,0,0,0,1,0
BGC0002746,0,0,0,0,1,0,0
BGC0000151,0,0,0,1,0,1,0
BGC0001267,0,0,0,0,0,0,1
BGC0000179,0,0,0,1,0,0,0
BGC0001501,1,0,0,0,0,0,0
BGC0002008,0,0,1,0,0,0,0
BGC0001515,0,1,0,0,0,0,0
BGC0001273,0,0,0,1,0,0,0
BGC0000186,0,1,0,1,0,0,0
BGC0001298,0,0,0,1,0,0,0
BGC0000838,0,0,0,1,0,0,0
BGC0000192,0,0,0,1,0,0,0
BGC0000804,0,0,0,0,0,1,0
BGC0000810,1,0,0,0,0,0,0
BGC0000421,0,1,0,0,0,0,0
BGC0002236,0,0,0,1,0,0,0
BGC0002550,0,0,0,1,0,0,0
BGC0000347,0,1,0,0,0,0,0
BGC0001059,0,1,0,1,0,0,0
BGC0000353,0,1,0,0,0,0,0
BGC0002544,0,1,0,0,0,0,0
BGC0002222,0,0,0,1,0,0,0
BGC0000435,0,1,0,0,0,0,0
BGC0001703,0,0,1,0,0,0,0
BGC0001065,0,0,0,1,0,0,0
BGC0002578,0,0,1,0,0,0,0
BGC0001071,0,1,0,1,0,0,0
BGC0001717,0,1,0,0,0,0,0
BGC0000409,0,1,0,0,0,0,0
BGC0001924,0,0,0,0,0,0,1
BGC0000384,0,1,0,0,0,0,0
BGC0002587,0,0,0,1,0,0,0
BGC0001918,0,1,0,1,0,0,0
BGC0001893,0,0,1,0,0,0,0
BGC0000555,0,0,0,0,1,0,0
BGC0002342,0,1,0,1,0,0,0
BGC0002424,0,1,0,0,0,0,0
BGC0000233,0,0,0,1,0,0,0
BGC0000227,0,0,0,1,0,0,0
BGC0002430,0,1,0,0,0,1,0
BGC0002356,0,0,1,1,0,0,0
BGC0001887,0,0,0,0,1,0,0
BGC0000541,0,0,0,0,1,0,0
BGC0000569,0,0,0,0,1,0,0
BGC0001677,0,0,0,1,0,0,0
BGC0001111,0,1,0,1,0,0,0
BGC0002418,0,1,0,1,0,0,0
BGC0001105,0,1,0,1,0,0,0
BGC0001663,0,0,0,1,0,0,0
BGC0002381,1,0,0,1,0,0,0
BGC0001850,0,0,1,0,0,0,0
BGC0000596,0,0,0,0,1,0,0
BGC0001844,0,1,0,0,0,0,0
BGC0000582,0,0,0,0,1,0,0
BGC0002395,0,0,0,0,0,0,1
BGC0001878,0,1,0,1,0,0,0
BGC0000031,0,0,0,1,0,0,0
BGC0002626,0,0,0,0,1,0,0
BGC0002140,0,0,0,1,0,0,0
BGC0001449,1,1,0,1,0,0,0
BGC0000757,0,0,0,0,0,1,0
BGC0000743,0,0,0,0,0,1,0
BGC0002154,0,0,0,1,0,0,0
BGC0002632,0,1,0,0,0,0,0
BGC0000025,0,0,0,1,0,0,0
BGC0001313,0,0,0,0,0,0,1
BGC0001475,0,0,0,0,0,0,1
BGC0002168,0,0,0,1,0,0,0
BGC0001461,0,1,0,0,0,0,0
BGC0000019,0,0,0,1,0,0,0
BGC0001307,0,0,0,0,1,0,0
BGC0000794,0,0,0,0,0,1,0
BGC0002197,0,1,0,1,0,0,0
BGC0000780,0,0,0,0,0,1,0
BGC0000958,0,1,0,1,0,0,0
BGC0000970,0,1,0,1,0,0,0
BGC0000964,0,1,0,1,0,0,0
BGC0000784,0,0,0,0,0,1,0
BGC0002193,0,0,1,0,0,0,0
BGC0002187,0,0,0,1,0,0,0
BGC0000948,0,0,1,0,0,0,0
BGC0000790,0,0,0,0,0,1,0
BGC0000960,0,1,0,1,0,0,0
BGC0000974,0,1,0,1,0,0,0
BGC0000021,0,0,0,1,0,0,0
BGC0002636,0,0,0,1,0,0,0
BGC0002150,0,0,0,0,1,0,0
BGC0000747,0,0,0,0,0,1,0
BGC0001459,0,1,0,0,0,0,0
BGC0000753,0,0,0,0,0,1,0
BGC0002144,0,0,0,0,1,0,0
BGC0002622,0,0,1,0,0,0,0
BGC0000035,0,0,0,1,0,0,0
BGC0001303,0,0,0,1,0,0,0
BGC0001465,0,0,1,0,0,0,0
BGC0002178,0,1,0,0,0,0,0
BGC0001471,0,0,0,0,1,0,0
BGC0001317,0,0,0,0,0,0,1
BGC0000009,0,0,0,1,0,0,0
BGC0002391,0,0,0,0,0,0,1
BGC0001840,0,1,0,1,0,0,0
BGC0000586,0,0,0,0,1,0,0
BGC0001854,0,0,0,1,0,0,0
BGC0000592,0,0,0,0,1,0,0
BGC0002385,0,0,0,1,0,0,0
BGC0001868,0,0,1,0,0,0,0
BGC0000545,0,0,0,0,1,0,0
BGC0002352,0,0,1,0,0,0,0
BGC0002434,0,1,0,1,0,0,0
BGC0000223,0,0,0,1,0,0,0
BGC0000237,0,0,0,1,0,0,0
BGC0002420,0,1,0,1,0,0,0
BGC0002346,0,0,0,0,1,0,0
BGC0001897,0,0,0,1,0,0,0
BGC0000551,0,0,0,0,1,0,0
BGC0001667,0,1,0,1,0,0,0
BGC0000579,0,0,0,0,1,0,0
BGC0001101,0,1,0,1,0,0,0
BGC0002408,0,1,0,0,0,0,0
BGC0001115,0,1,0,1,0,0,0
BGC0001673,0,0,0,0,1,0,0
BGC0001934,0,0,0,1,0,0,0
BGC0000394,0,1,0,0,0,0,0
BGC0002583,0,0,0,0,1,0,0
BGC0002597,0,1,0,1,0,0,0
BGC0000380,0,1,0,1,0,0,0
BGC0001920,0,0,0,0,1,0,0
BGC0000431,0,1,0,0,0,0,0
BGC0002226,0,1,0,0,0,0,0
BGC0002540,0,0,0,1,0,0,0
BGC0001049,0,1,0,1,0,0,0
BGC0000357,0,1,0,0,0,0,0
BGC0000343,0,1,0,0,0,0,0
BGC0002554,1,0,0,0,0,0,0
BGC0002232,1,0,0,0,0,0,0
BGC0000425,0,1,0,0,0,0,0
BGC0001713,0,0,1,0,0,0,0
BGC0001075,0,0,0,1,0,0,1
BGC0002568,0,0,1,0,0,0,0
BGC0001061,0,0,0,1,0,1,0
BGC0000419,0,1,0,0,0,1,0
BGC0001707,0,0,0,0,1,0,0
BGC0001288,0,0,0,1,0,0,0
BGC0000196,0,0,0,1,0,0,0
BGC0000182,0,0,0,1,0,0,0
BGC0000814,1,0,0,0,0,0,0
BGC0000800,0,0,0,0,0,1,0
BGC0002024,0,0,0,1,0,0,0
BGC0000633,0,0,0,0,0,0,1
BGC0001539,0,0,0,0,1,0,0
BGC0000627,0,0,0,0,1,0,0
BGC0000141,0,0,0,1,0,0,0
BGC0001277,0,0,0,0,0,0,1
BGC0001511,0,0,0,1,0,0,0
BGC0002018,0,0,1,0,0,0,0
BGC0001505,0,0,0,0,1,0,0
BGC0001504,0,0,0,1,0,0,0
BGC0001262,0,0,0,1,0,0,0
BGC0001276,0,0,0,1,0,0,0
BGC0000168,0,0,0,1,0,0,0
BGC0002019,0,0,0,0,0,0,1
BGC0001510,0,0,1,0,0,0,0
BGC0002031,1,0,0,0,0,0,0
BGC0000626,0,0,0,0,1,0,0
BGC0000140,0,0,0,1,0,0,0
BGC0000154,0,0,0,1,0,0,0
BGC0000632,0,0,0,0,0,1,1
BGC0002025,0,1,0,1,0,0,0
BGC0000801,0,0,0,0,0,1,0
BGC0000815,1,0,0,0,0,0,0
BGC0000197,0,0,0,1,0,1,0
BGC0001289,0,0,0,0,1,0,0
BGC0000829,1,0,0,0,0,0,0
BGC0001060,0,0,0,1,0,0,0
BGC0002569,0,1,0,0,0,0,0
BGC0001706,0,0,0,0,0,0,1
BGC0000418,0,1,0,0,0,0,0
BGC0001712,0,0,1,0,0,0,0
BGC0001074,0,0,0,1,0,1,0
BGC0002555,0,1,0,1,0,0,0
BGC0000342,0,1,0,0,0,0,0
BGC0000424,0,1,0,0,0,0,0
BGC0002233,0,0,0,1,0,0,0
BGC0002227,0,1,0,0,0,0,0
BGC0000430,0,1,0,1,0,0,0
BGC0000356,1,1,0,0,0,0,0
BGC0001048,0,1,0,1,0,1,0
BGC0002541,0,0,1,0,0,0,0
BGC0001909,0,0,0,1,0,0,0
BGC0000381,0,1,0,0,0,0,0
BGC0002596,0,0,0,1,0,0,0
BGC0002582,0,1,0,0,0,0,0
BGC0000395,0,1,0,0,0,0,0
BGC0001114,0,1,0,1,0,0,0
BGC0001672,0,1,0,0,0,0,0
BGC0000578,0,0,0,0,1,0,0
BGC0001666,0,0,0,1,0,0,0
BGC0002409,0,1,0,0,0,0,0
BGC0001100,0,1,0,1,0,0,0
BGC0002421,0,1,0,0,0,0,0
BGC0001128,0,1,0,0,0,0,0
BGC0000236,0,0,0,1,0,0,0
BGC0000550,0,0,0,0,1,0,0
BGC0001896,0,0,1,0,0,0,0
BGC0002347,1,0,0,0,0,0,0
BGC0002353,0,0,0,0,1,0,0
BGC0000544,0,0,0,0,1,0,0
BGC0001882,0,0,0,1,0,0,0
BGC0000222,0,0,0,1,0,0,0
BGC0002435,0,0,1,0,0,0,0
BGC0001869,0,1,1,0,0,0,0
BGC0002384,0,1,0,0,0,0,0
BGC0000593,0,0,0,0,1,0,0
BGC0001699,0,1,0,0,0,0,0
BGC0000587,0,0,0,0,1,0,0
BGC0001841,0,1,0,1,0,0,0
BGC0002390,0,0,0,0,0,0,1
BGC0001470,0,0,0,1,0,0,0
BGC0000008,0,0,0,1,0,0,0
BGC0001316,0,0,1,0,0,0,0
BGC0001302,0,0,1,0,0,0,0
BGC0001464,0,0,1,0,0,0,0
BGC0000752,0,0,0,0,0,1,0
BGC0000034,0,1,0,1,0,0,0
BGC0002623,0,1,0,1,0,0,0
BGC0002637,0,1,0,0,0,0,0
BGC0000020,0,0,0,1,0,0,0
BGC0001458,0,0,1,0,0,0,0
BGC0000746,0,0,0,0,0,1,0
BGC0002151,0,0,0,0,1,0,0
BGC0000975,0,1,0,1,0,0,0
BGC0000961,0,1,0,1,0,0,0
BGC0000791,0,0,0,0,0,1,0
BGC0000949,0,1,0,0,0,0,0
BGC0002186,0,1,0,1,0,0,0
BGC0002192,0,0,0,1,0,0,0
BGC0000785,0,0,0,0,0,1,0
BGC0000793,0,0,0,0,0,1,0
BGC0001499,0,0,1,0,0,0,0
BGC0000787,0,0,0,0,0,1,0
BGC0002190,0,0,0,1,0,0,0
BGC0000977,0,1,0,1,0,0,0
BGC0000963,0,1,0,1,0,1,0
BGC0002621,1,0,0,0,0,0,0
BGC0001328,0,1,0,1,0,0,0
BGC0000036,0,0,0,1,0,1,0
BGC0000988,0,1,0,1,0,0,0
BGC0002147,0,1,0,0,0,0,0
BGC0002153,0,0,0,1,0,0,0
BGC0000744,0,0,0,0,0,1,0
BGC0000022,0,0,0,1,0,0,0
BGC0002635,0,0,0,0,1,0,0
BGC0001314,0,0,0,0,0,0,1
BGC0001472,0,0,0,0,1,0,0
BGC0000778,0,0,0,0,0,1,0
BGC0002609,0,1,0,1,0,0,0
BGC0001300,0,0,0,1,0,0,0
BGC0001857,1,1,0,1,0,0,0
BGC0000591,0,0,0,0,1,0,0
BGC0002386,0,1,0,1,0,0,0
BGC0002392,0,0,0,0,0,0,1
BGC0001843,0,1,0,0,0,0,0
BGC0000585,0,0,0,0,1,0,0
BGC0002345,0,0,1,0,0,0,0
BGC0001894,0,0,0,0,0,1,0
BGC0000552,0,0,0,0,1,0,0
BGC0000234,0,0,0,1,0,0,0
BGC0002423,0,0,1,0,0,0,0
BGC0002437,0,1,0,0,0,0,0
BGC0000220,0,0,0,1,0,0,0
BGC0001658,0,0,0,1,0,0,0
BGC0001880,0,0,0,0,1,0,0
BGC0000546,0,0,0,0,1,0,0
BGC0002351,0,1,0,0,0,0,0
BGC0001670,0,0,0,1,0,0,0
BGC0002379,0,1,0,0,0,0,0
BGC0000208,0,0,0,1,0,0,0
BGC0001116,0,1,0,1,0,0,0
BGC0001102,0,1,0,1,0,0,0
BGC0001664,0,0,0,0,0,0,1
BGC0001923,0,0,0,1,0,0,1
BGC0002594,0,0,0,1,0,0,0
BGC0000383,0,1,0,1,0,0,0
BGC0000397,0,1,0,0,0,0,0
BGC0001089,0,1,0,1,0,0,0
BGC0002580,0,0,0,0,1,0,0
BGC0001937,0,0,1,0,0,0,0
BGC0000426,0,1,0,0,0,0,0
BGC0001738,0,1,0,1,0,0,0
BGC0000340,0,1,0,0,0,0,0
BGC0002557,0,0,0,0,0,0,1
BGC0002543,0,1,0,0,0,0,0
BGC0000354,0,1,0,0,0,0,0
BGC0000432,0,1,0,0,0,0,0
BGC0002225,0,0,0,0,0,0,1
BGC0001704,0,0,1,0,0,0,0
BGC0001062,0,0,0,1,0,0,0
BGC0001076,0,0,1,0,0,0,0
BGC0000368,0,1,0,0,0,0,0
BGC0002219,0,0,0,0,0,0,1
BGC0000181,0,0,0,1,0,0,0
BGC0000195,0,0,0,1,0,0,0
BGC0000803,0,0,0,0,0,1,0
BGC0000817,1,0,0,0,0,0,0
BGC0000142,0,0,0,1,0,0,0
BGC0000624,0,0,0,0,1,0,0
BGC0002033,0,0,0,1,0,0,0
BGC0000630,0,0,0,0,0,0,1
BGC0000156,0,0,0,1,0,0,0
BGC0001248,0,0,0,0,0,0,1
BGC0001260,0,0,0,0,0,0,1
BGC0001506,0,0,0,0,1,0,0
BGC0000618,0,0,0,0,1,0,0
BGC0001512,0,0,0,1,0,0,0
BGC0001513,0,0,0,1,0,0,0
BGC0001275,0,0,0,1,0,0,0
BGC0001261,0,1,0,0,0,0,0
BGC0000619,0,0,0,0,1,0,0
BGC0001507,0,0,0,0,1,0,0
BGC0000631,0,0,0,0,0,0,1
BGC0002026,0,1,0,1,0,0,0
BGC0001249,0,1,0,0,0,0,0
BGC0000157,0,0,0,1,0,0,0
BGC0000143,0,0,0,1,0,0,0
BGC0002032,0,0,0,1,0,0,0
BGC0000625,0,0,0,0,1,0,0
BGC0000816,1,1,0,0,0,0,0
BGC0000802,0,0,0,0,0,1,0
BGC0000194,0,0,0,1,0,0,0
BGC0000180,0,0,0,1,0,0,0
BGC0000369,0,1,0,0,0,1,0
BGC0001077,0,0,0,1,0,0,0
BGC0001711,0,1,0,1,0,0,0
BGC0002218,0,0,0,0,0,0,1
BGC0001705,0,1,0,1,0,0,0
BGC0001063,0,1,0,1,0,0,0
BGC0000355,0,1,0,0,0,0,0
BGC0002542,0,1,0,1,0,0,0
BGC0002224,0,0,0,1,0,0,0
BGC0000433,0,1,0,0,0,0,0
BGC0001739,0,0,1,0,0,0,0
BGC0000427,0,1,0,0,0,0,0
BGC0002230,0,1,0,1,0,0,0
BGC0002556,1,0,0,0,0,0,0
BGC0000341,0,1,0,0,0,0,0
BGC0002581,0,1,0,0,0,0,0
BGC0001088,0,1,0,1,0,0,0
BGC0000396,0,1,0,0,0,0,0
BGC0001922,0,0,0,1,0,0,0
BGC0000382,0,1,0,0,0,0,0
BGC0001103,0,1,0,1,0,0,0
BGC0001665,0,0,0,1,0,0,0
BGC0002378,0,1,0,0,0,0,0
BGC0001671,0,1,0,0,0,0,0
BGC0001117,0,1,0,0,0,0,0
BGC0000209,0,0,0,1,0,0,0
BGC0000221,0,0,0,1,0,0,0
BGC0002436,0,0,1,0,0,0,0
BGC0002350,0,1,0,1,0,1,0
BGC0000547,0,0,0,0,1,0,0
BGC0001881,0,1,0,1,0,0,0
BGC0001659,0,0,0,0,0,0,1
BGC0000553,0,0,0,0,1,0,0
BGC0001895,0,0,0,1,0,0,0
BGC0002344,0,1,0,0,0,0,0
BGC0002422,0,1,0,0,0,0,0
BGC0000235,0,0,0,1,0,0,0
BGC0000584,0,0,0,0,1,0,0
BGC0001842,0,1,0,0,0,0,0
BGC0002393,0,0,0,0,0,0,1
BGC0002387,0,0,0,1,0,0,0
BGC0000590,0,0,0,0,1,0,0
BGC0001856,0,0,0,1,0,0,0
BGC0001467,0,1,0,1,0,0,0
BGC0000779,0,0,0,0,0,1,0
BGC0001301,0,0,0,1,0,0,0
BGC0002608,0,1,0,1,0,0,0
BGC0001315,0,0,0,0,0,0,1
BGC0001473,0,0,0,0,1,0,0
BGC0000745,0,0,0,0,0,1,0
BGC0002152,0,0,1,0,0,0,0
BGC0002634,0,1,1,1,0,0,0
BGC0000023,0,0,0,1,0,0,0
BGC0000037,0,0,0,1,0,0,0
BGC0001329,0,1,0,1,0,0,0
BGC0002620,0,0,1,0,0,0,0
BGC0002146,0,1,0,0,0,0,0
BGC0000989,0,1,0,1,0,0,0
BGC0000751,0,0,0,0,0,1,0
BGC0000962,0,1,0,1,0,0,0
BGC0000976,0,1,0,1,0,0,0
BGC0002191,0,0,0,1,0,0,0
BGC0000786,0,0,0,0,0,1,0
BGC0001498,0,0,1,0,0,0,0
BGC0000792,0,0,0,0,0,1,0
BGC0002185,0,0,0,1,0,0,0
BGC0000911,0,0,1,0,0,0,0
BGC0000905,0,0,1,0,0,0,0
BGC0000093,0,0,0,1,0,0,0
BGC0000939,0,0,1,0,0,0,0
BGC0000087,0,0,0,1,0,0,0
BGC0001399,0,1,0,0,0,0,0
BGC0002690,0,0,1,0,0,0,0
BGC0001372,0,0,0,0,0,0,1
BGC0001414,0,1,0,0,0,0,0
BGC0002109,0,1,0,0,0,0,0
BGC0001400,0,0,0,1,0,0,0
BGC0001366,0,0,0,1,0,0,0
BGC0000078,0,0,0,1,0,0,0
BGC0000050,0,0,0,1,0,0,0
BGC0002647,1,0,0,0,0,0,0
BGC0000736,0,0,0,0,0,1,0
BGC0001428,0,1,0,1,0,0,0
BGC0000722,0,0,1,0,0,1,0
BGC0002135,0,1,0,0,0,0,0
BGC0002653,0,1,0,0,0,0,0
BGC0000044,0,0,0,1,0,0,0
BGC0001819,0,0,0,1,0,0,0
BGC0001831,0,0,0,1,0,0,0
BGC0000291,0,1,0,0,0,0,0
BGC0002486,0,0,0,0,1,0,0
BGC0002492,0,1,0,0,0,0,0
BGC0000285,0,0,0,1,0,1,0
BGC0001825,0,1,0,0,0,0,0
BGC0001616,0,1,0,1,0,0,0
BGC0000508,0,0,0,0,1,0,0
BGC0001170,0,0,0,0,1,0,0
BGC0002479,0,1,0,1,0,1,0
BGC0001164,0,0,0,1,0,0,0
BGC0001602,0,0,0,0,1,0,0
BGC0000534,0,0,0,0,1,0,0
BGC0002323,0,0,0,0,1,0,0
BGC0002445,0,0,0,0,0,0,1
BGC0000252,0,0,0,1,0,0,0
BGC0000246,0,0,0,1,0,0,0
BGC0002451,0,0,0,1,0,0,0
BGC0002337,0,0,0,0,1,0,0
BGC0000520,0,0,0,0,1,0,0
BGC0001979,0,0,0,1,0,0,0
BGC0002294,0,0,1,0,0,0,0
BGC0001945,0,1,0,0,0,0,0
BGC0000483,0,0,0,0,1,0,0
BGC0001789,0,0,0,0,1,0,0
BGC0001951,0,1,0,0,0,0,0
BGC0000497,0,0,0,0,1,0,0
BGC0001762,1,0,0,0,0,0,0
BGC0001004,0,0,0,1,0,0,0
BGC0001010,0,1,0,1,0,0,0
BGC0000468,0,0,0,0,1,0,0
BGC0001776,0,0,0,0,0,0,1
BGC0001986,0,0,1,0,0,0,0
BGC0000440,0,1,0,0,0,0,0
BGC0002257,0,0,0,1,0,0,0
BGC0002531,0,1,0,0,0,0,0
BGC0001038,0,1,0,1,0,0,0
BGC0000326,0,1,0,0,0,0,0
BGC0000332,0,1,0,0,0,0,0
BGC0002525,0,0,0,1,0,0,0
BGC0001992,0,0,1,0,0,0,0
BGC0000454,0,1,0,0,0,0,0
BGC0000865,0,0,1,0,0,0,0
BGC0000871,0,0,1,0,0,0,0
BGC0000859,0,0,1,0,0,0,0
BGC0002096,0,0,0,1,0,0,0
BGC0002082,0,1,0,1,0,0,0
BGC0000695,0,0,0,0,0,1,0
BGC0000118,0,0,0,1,0,0,0
BGC0001206,0,0,1,0,0,0,0
BGC0001560,0,1,0,1,0,0,0
BGC0002069,0,0,1,0,0,0,0
BGC0001574,0,1,0,0,0,0,0
BGC0001212,0,1,0,1,0,0,0
BGC0000124,0,0,0,1,0,0,0
BGC0002733,0,0,1,0,0,0,0
BGC0002055,0,1,0,1,0,0,0
BGC0000642,0,0,0,0,0,0,1
BGC0001548,0,0,0,0,1,0,0
BGC0000656,0,0,0,0,0,0,1
BGC0002041,0,0,1,0,0,0,0
BGC0000130,0,0,0,1,0,0,0
BGC0002040,0,0,1,0,0,0,0
BGC0000657,0,0,0,0,0,0,1
BGC0001549,0,0,0,0,1,0,0
BGC0000131,0,0,0,1,0,0,0
BGC0002726,0,0,0,1,0,0,0
BGC0002732,0,0,0,1,0,0,0
BGC0000125,0,0,0,1,0,0,0
BGC0000643,0,0,0,0,0,0,1
BGC0002054,0,1,0,1,0,1,0
BGC0001575,0,1,0,0,0,0,0
BGC0001213,0,0,0,1,0,0,0
BGC0001207,0,1,0,0,0,0,0
BGC0000119,0,0,0,1,0,1,0
BGC0002068,0,1,0,1,0,0,0
BGC0001561,0,1,0,0,0,0,0
BGC0000694,0,0,0,0,0,1,0
BGC0002083,0,0,0,1,0,0,0
BGC0002097,0,1,0,1,0,1,0
BGC0000858,0,0,1,0,0,0,0
BGC0000870,0,0,1,0,0,0,0
BGC0000864,0,0,1,0,0,0,0
BGC0002524,0,1,0,0,0,0,0
BGC0000333,0,1,0,0,0,0,0
BGC0000455,0,1,0,0,0,0,0
BGC0002242,0,1,0,0,0,0,0
BGC0002256,0,1,1,0,0,0,0
BGC0000441,0,1,0,0,0,0,0
BGC0001987,0,0,0,1,0,0,0
BGC0000327,0,1,0,0,0,0,0
BGC0001039,0,1,0,1,0,0,0
BGC0002530,0,1,0,0,0,0,0
BGC0001011,0,1,0,1,0,0,0
BGC0002518,0,1,0,0,0,0,0
BGC0001777,0,0,0,0,0,0,1
BGC0000469,0,0,0,0,1,0,0
BGC0001763,0,1,0,1,0,0,0
BGC0001005,0,1,0,1,0,0,0
BGC0000496,0,0,0,0,1,0,0
BGC0001950,0,1,0,0,0,0,0
BGC0001788,0,0,0,0,1,0,0
BGC0000482,0,0,0,0,1,0,0
BGC0001944,0,0,0,1,0,0,0
BGC0002295,0,1,0,0,0,1,0
BGC0002450,0,0,1,0,0,0,0
BGC0001159,0,1,0,1,0,0,0
BGC0000247,0,0,0,1,0,1,0
BGC0000521,0,0,0,0,1,0,0
BGC0002336,0,1,0,0,0,0,0
BGC0002322,0,0,1,0,0,0,0
BGC0000535,0,0,0,0,1,0,0
BGC0000253,0,0,0,1,0,0,0
BGC0002444,0,0,0,0,0,0,1
BGC0001165,0,1,0,1,0,0,0
BGC0001603,0,0,0,0,0,1,0
BGC0000509,0,0,0,0,1,0,0
BGC0001617,0,0,0,0,0,0,1
BGC0002478,0,0,0,1,0,0,0
BGC0001171,0,0,0,0,1,0,0
BGC0000284,0,0,0,1,0,0,0
BGC0002493,0,1,0,0,0,0,0
BGC0001824,0,1,0,0,0,0,0
BGC0001830,0,0,0,1,0,0,0
BGC0002487,0,0,1,0,0,0,0
BGC0000290,0,1,0,0,0,0,0
BGC0001818,0,1,0,0,0,0,0
BGC0002134,0,0,1,0,0,0,0
BGC0000723,0,0,1,0,0,1,0
BGC0000045,0,0,0,1,0,0,0
BGC0002652,0,0,1,0,0,1,0
BGC0002646,0,0,0,1,0,0,0
BGC0000051,0,0,0,1,0,0,0
BGC0001429,0,1,0,1,0,0,0
BGC0000737,0,0,0,0,0,1,0
BGC0002120,0,0,0,0,1,0,0
BGC0002108,0,1,0,0,0,0,0
BGC0000079,0,0,0,1,0,0,0
BGC0001367,0,1,0,1,0,0,0
BGC0001373,0,0,0,1,0,0,0
BGC0001415,0,1,0,1,0,0,0
BGC0000938,0,0,1,0,0,0,0
BGC0002691,0,1,0,0,0,0,0
BGC0001398,0,0,0,0,1,0,0
BGC0000086,0,0,0,1,0,0,0
BGC0000092,0,0,0,1,0,0,0
BGC0002685,0,1,0,0,0,0,0
BGC0000904,0,0,1,0,0,0,0
BGC0000910,0,0,1,0,0,0,0
BGC0000906,0,0,1,0,0,0,0
BGC0000912,0,0,1,0,0,0,0
BGC0000084,0,0,0,1,0,0,0
BGC0002693,0,1,0,0,0,0,0
BGC0002687,0,1,0,1,0,0,0
BGC0000090,0,0,0,1,0,0,0
BGC0001365,0,1,0,0,0,0,0
BGC0001403,0,0,0,1,0,0,0
BGC0000709,0,0,0,0,0,1,0
BGC0001417,0,1,0,1,0,0,0
BGC0002678,0,1,0,0,0,0,0
BGC0001371,0,1,0,0,0,0,0
BGC0000047,0,0,0,1,0,0,0
BGC0000721,0,0,0,0,0,1,0
BGC0002136,0,1,0,1,0,0,0
BGC0002122,0,1,0,0,0,0,0
BGC0000735,0,0,0,0,0,1,0
BGC0000053,0,0,0,1,0,0,0
BGC0002644,0,0,1,0,0,0,1
BGC0001826,0,1,0,0,0,0,0
BGC0002491,0,1,0,0,0,0,0
BGC0001198,0,0,0,0,0,0,1
BGC0000286,0,0,0,1,0,0,0
BGC0000292,0,1,0,0,0,0,0
BGC0002485,1,0,0,0,1,0,0
BGC0001601,0,0,0,0,1,0,0
BGC0002308,1,0,0,1,0,0,0
BGC0000279,0,0,0,1,0,0,0
BGC0001167,0,0,0,0,1,0,0
BGC0001173,0,0,0,0,1,0,0
BGC0001615,0,1,0,0,0,0,0
BGC0002334,0,0,1,0,1,0,0
BGC0000523,0,0,0,0,1,0,0
BGC0000245,0,0,0,1,0,0,0
BGC0002452,0,0,0,1,0,0,0
BGC0002446,0,0,0,1,0,0,0
BGC0001629,0,1,0,0,0,0,0
BGC0000537,0,0,0,0,1,0,0
BGC0002320,0,0,0,0,0,0,1
BGC0001952,0,1,0,0,0,0,0
BGC0000494,0,0,0,0,1,0,0
BGC0002283,0,0,0,0,0,0,1
BGC0002297,0,1,0,1,0,0,0
BGC0000480,0,0,0,0,1,0,0
BGC0001775,0,0,0,0,0,0,1
BGC0001013,0,1,0,1,0,0,0
BGC0001007,0,1,0,1,0,0,0
BGC0000319,0,1,0,0,0,0,0
BGC0002268,0,1,0,1,0,0,0
BGC0001761,0,0,0,1,0,0,0
BGC0002240,0,0,0,1,0,0,0
BGC0001991,0,0,0,1,0,0,0
BGC0000457,0,1,0,0,0,0,0
BGC0001749,0,0,0,1,0,0,0
BGC0000331,0,1,0,0,0,0,0
BGC0002526,0,0,0,1,0,0,0
BGC0002532,0,1,0,1,0,0,0
BGC0000325,0,1,0,0,0,0,0
BGC0001985,0,0,1,0,0,0,0
BGC0000443,0,1,0,0,0,0,0
BGC0002254,0,0,0,1,0,0,0
BGC0000872,0,0,1,0,0,0,0
BGC0000866,0,0,1,0,0,0,0
BGC0002081,0,0,0,1,0,0,0
BGC0000696,0,0,0,0,0,1,0
BGC0001588,0,0,0,0,0,1,0
BGC0000682,0,0,0,0,0,0,1
BGC0002095,0,1,0,0,0,0,0
BGC0001211,0,1,0,0,0,0,0
BGC0002718,0,1,0,0,0,0,0
BGC0001577,0,0,0,0,1,0,0
BGC0000669,0,0,0,0,0,0,1
BGC0001563,0,1,0,1,0,0,0
BGC0001205,0,0,0,1,0,0,0
BGC0002724,0,0,0,0,0,0,1
BGC0000133,0,0,0,1,0,0,0
BGC0002042,0,1,0,0,0,0,0
BGC0002056,0,1,0,1,0,0,0
BGC0000899,0,0,0,0,0,1,0
BGC0000641,0,0,0,0,0,0,1
BGC0000127,0,0,0,1,0,0,0
BGC0001239,0,0,1,0,0,0,0
BGC0000640,0,0,0,0,0,0,1
BGC0000898,0,0,0,0,0,1,0
BGC0002731,0,0,0,1,0,0,0
BGC0001238,0,0,1,0,0,0,0
BGC0000126,0,0,0,1,0,0,0
BGC0000132,0,0,0,1,0,0,0
BGC0002725,0,0,0,0,1,0,0
BGC0002043,0,0,0,0,1,0,0
BGC0000654,0,0,0,0,0,1,1
BGC0001562,0,1,0,0,0,0,0
BGC0001204,0,0,0,1,0,0,0
BGC0002719,0,1,0,0,0,0,0
BGC0001210,0,0,0,0,1,0,0
BGC0000668,1,0,0,0,0,0,1
BGC0001576,0,0,0,0,1,0,0
BGC0002094,0,0,1,0,0,0,0
BGC0000683,0,0,0,0,0,0,1
BGC0001589,0,0,0,0,0,1,0
BGC0002080,0,0,1,0,0,0,0
BGC0000867,0,0,1,0,0,0,0
BGC0000873,0,0,1,0,0,0,0
BGC0000324,0,1,0,0,0,0,0
BGC0002533,0,1,0,1,0,0,0
BGC0002255,0,0,0,1,0,0,0
BGC0000442,0,1,0,0,0,0,0
BGC0001984,0,1,0,0,0,0,0
BGC0001748,0,1,0,1,0,0,0
BGC0001990,0,0,1,0,0,0,0
BGC0002527,0,0,1,0,0,0,0
BGC0000330,0,1,0,0,0,0,0
BGC0001006,0,1,0,1,0,0,0
BGC0001760,0,1,0,0,0,0,0
BGC0001774,0,0,1,0,0,0,0
BGC0001012,0,1,0,1,0,0,0
BGC0000481,0,0,0,0,1,0,0
BGC0001947,0,0,0,0,0,1,0
BGC0002296,0,1,0,1,0,0,0
BGC0002282,0,0,1,0,0,0,0
BGC0000495,0,0,0,0,1,0,0
BGC0001953,0,1,0,0,0,0,0
BGC0002447,0,0,0,0,1,0,0
BGC0002321,0,0,1,0,0,0,0
BGC0000536,0,0,0,0,1,0,0
BGC0001628,0,1,0,0,0,0,0
BGC0000522,0,0,0,0,1,0,0
BGC0002453,0,0,0,1,0,0,0
BGC0000244,0,0,0,1,0,0,0
BGC0001172,0,1,0,1,0,0,0
BGC0001614,0,1,0,0,0,0,0
BGC0002309,0,0,0,0,0,0,1
BGC0001600,0,0,0,1,0,0,0
BGC0001166,0,1,0,0,0,0,0
BGC0000278,0,0,0,1,0,0,0
BGC0002484,0,1,0,1,0,0,0
BGC0000293,0,1,0,0,0,0,0
BGC0001833,0,1,0,0,0,0,0
BGC0001827,0,0,0,1,0,0,0
BGC0000287,0,1,0,0,0,0,0
BGC0001199,0,0,0,1,0,0,0
BGC0002490,0,0,1,0,0,0,0
BGC0000734,0,0,0,0,0,1,0
BGC0002123,0,1,0,1,0,0,0
BGC0002645,0,0,1,0,0,0,0
BGC0000052,0,0,0,1,0,0,0
BGC0000046,0,0,0,1,0,0,0
BGC0001358,0,1,0,1,0,0,0
BGC0002651,0,0,0,0,0,0,1
BGC0002137,0,0,0,1,0,0,0
BGC0000720,0,0,0,0,0,1,0
BGC0001416,0,1,0,0,0,0,0
BGC0000708,0,0,0,0,0,1,0
BGC0001370,0,1,0,0,0,0,0
BGC0002679,0,1,0,0,0,0,0
BGC0001364,0,0,0,0,1,0,0
BGC0001402,0,1,0,0,0,0,0
BGC0000091,0,0,0,1,0,0,0
BGC0002686,0,1,0,0,0,0,0
BGC0002692,0,0,1,0,0,0,0
BGC0000085,0,0,0,1,0,0,0
BGC0000913,0,0,1,0,0,0,0
BGC0000907,0,0,1,0,0,0,0
BGC0000081,0,1,0,1,0,0,0
BGC0002696,0,1,0,0,0,0,0
BGC0002682,0,0,1,0,0,0,0
BGC0000903,0,0,1,0,0,0,0
BGC0000917,0,0,1,0,0,0,0
BGC0000724,0,0,0,0,0,1,0
BGC0002133,0,0,0,0,1,0,0
BGC0000042,0,0,0,1,0,0,0
BGC0001348,0,0,0,1,0,0,0
BGC0000056,0,0,0,1,0,0,0
BGC0002641,0,1,0,0,0,0,0
BGC0002127,0,0,0,1,0,0,0
BGC0000730,0,0,0,0,0,1,0
BGC0001406,0,1,0,0,0,0,0
BGC0001360,0,0,0,1,0,0,0
BGC0002669,0,0,0,0,1,0,0
BGC0001374,0,0,1,0,0,0,0
BGC0001412,0,0,0,0,0,1,0
BGC0002494,0,1,0,0,0,0,0
BGC0000283,0,0,1,0,0,0,0
BGC0001823,0,1,0,1,0,0,0
BGC0001837,0,0,0,1,0,0,0
BGC0001189,0,1,0,0,0,0,0
BGC0000297,0,1,0,1,0,1,0
BGC0002480,0,1,0,1,0,0,0
BGC0000240,0,0,0,1,0,1,0
BGC0002457,0,1,0,0,0,0,0
BGC0002331,0,0,1,0,0,0,0
BGC0001638,0,0,0,0,1,0,0
BGC0000526,0,0,0,0,1,0,0
BGC0000532,0,0,0,0,1,0,0
BGC0002325,0,0,0,0,1,0,0
BGC0002443,0,0,0,1,0,0,0
BGC0000254,0,0,0,1,0,0,0
BGC0001162,0,0,0,1,0,0,0
BGC0001604,0,0,0,0,0,0,1
BGC0002319,0,0,0,0,1,0,0
BGC0001610,0,0,1,0,0,0,0
BGC0000268,0,0,0,1,0,0,0
BGC0001176,0,0,0,0,1,0,0
BGC0000491,0,0,0,0,1,0,0
BGC0001957,0,0,0,1,0,0,0
BGC0002286,0,1,0,0,0,0,0
BGC0002292,0,0,1,0,0,0,0
BGC0000485,0,0,0,0,1,0,0
BGC0000334,0,1,0,0,0,0,0
BGC0002523,0,1,0,0,0,0,0
BGC0002245,0,0,0,0,0,0,1
BGC0000452,0,1,0,0,0,0,0
BGC0001994,0,0,1,0,0,0,0
BGC0000446,0,1,0,0,0,0,0
BGC0001980,0,1,0,0,0,0,0
BGC0001758,0,1,0,0,0,0,0
BGC0002537,0,0,0,1,0,0,1
BGC0000320,0,1,0,0,0,0,0
BGC0001016,0,1,0,1,0,0,0
BGC0000308,0,1,0,0,0,0,0
BGC0001770,0,0,0,1,0,0,0
BGC0001764,0,1,0,0,0,0,0
BGC0001002,0,1,0,1,0,0,0
BGC0002084,0,0,0,0,1,0,0
BGC0000693,0,0,0,0,0,1,0
BGC0000687,0,0,0,0,0,0,1
BGC0001599,0,1,0,0,0,0,0
BGC0002090,0,1,0,1,0,0,0
BGC0000877,0,0,1,0,0,0,0
BGC0000863,0,0,1,0,0,0,0
BGC0000888,0,0,1,0,0,0,0
BGC0000650,0,0,0,0,0,0,1
BGC0002047,0,0,0,1,0,0,0
BGC0002721,0,0,0,0,0,1,0
BGC0000136,0,0,0,1,0,0,0
BGC0001228,0,1,0,0,0,0,0
BGC0000122,0,0,0,1,0,0,0
BGC0002735,0,1,0,1,0,0,0
BGC0002053,0,0,0,0,1,0,0
BGC0000644,0,0,0,0,0,0,1
BGC0001572,0,0,1,0,0,0,0
BGC0001214,0,1,0,0,0,0,0
BGC0002709,0,0,0,1,0,0,0
BGC0001200,0,0,0,1,0,0,0
BGC0001566,0,0,0,1,0,0,0
BGC0000678,0,0,0,0,0,0,1
BGC0001201,0,0,0,0,0,0,1
BGC0002708,0,0,0,0,0,0,1
BGC0000679,0,0,0,0,0,0,1
BGC0001567,0,1,0,0,0,0,0
BGC0001573,1,0,0,0,0,0,0
BGC0001215,0,1,0,0,0,0,0
BGC0002734,0,0,0,1,0,0,0
BGC0000123,0,0,0,1,0,0,0
BGC0000645,0,0,0,0,0,0,1
BGC0002052,0,0,1,0,0,0,0
BGC0002046,0,1,0,1,0,0,0
BGC0000651,0,0,0,0,0,0,1
BGC0000889,0,0,1,0,0,0,0
BGC0001229,0,0,0,0,1,0,0
BGC0000137,0,0,0,1,0,0,0
BGC0000862,0,0,1,0,0,0,0
BGC0000876,0,0,1,0,0,0,0
BGC0002091,0,1,0,0,0,0,0
BGC0001598,0,1,0,1,0,0,0
BGC0000686,0,0,0,0,0,0,1
BGC0000692,0,0,0,0,0,1,0
BGC0002085,0,0,0,0,0,1,0
BGC0001765,0,0,0,0,0,1,0
BGC0001003,0,1,0,1,0,1,0
BGC0000309,0,1,0,0,0,0,0
BGC0001017,0,1,0,1,0,0,0
BGC0002278,1,1,0,0,0,0,0
BGC0001771,0,1,0,0,0,0,0
BGC0002250,0,1,0,1,0,0,0
BGC0001759,0,0,0,1,0,0,0
BGC0000447,0,1,0,0,0,0,0
BGC0000321,0,1,0,0,0,0,0
BGC0002536,0,1,0,0,0,0,0
BGC0002522,0,1,0,0,0,0,0
BGC0000335,0,1,0,1,0,0,0
BGC0001995,0,0,0,0,0,0,1
BGC0000453,0,1,0,0,0,0,0
BGC0002244,0,0,0,1,0,0,0
BGC0001942,0,1,0,1,0,0,0
BGC0000484,0,0,0,0,1,0,0
BGC0002293,0,1,0,0,0,0,0
BGC0002287,0,1,0,0,0,0,0
BGC0001956,0,0,0,1,0,0,0
BGC0000490,0,0,0,0,1,0,0
BGC0001611,0,1,0,1,0,0,0
BGC0002318,0,0,0,0,1,0,0
BGC0001177,0,0,0,1,0,0,0
BGC0000269,0,0,0,1,0,1,0
BGC0001163,0,0,0,1,0,0,0
BGC0001605,0,0,0,0,0,0,1
BGC0002324,0,1,0,1,0,0,0
BGC0000533,0,0,0,0,1,0,0
BGC0000255,0,0,0,1,0,0,0
BGC0002442,0,0,0,0,1,0,0
BGC0002456,0,1,0,1,0,0,0
BGC0000241,0,0,0,1,0,1,0
BGC0000527,0,0,0,0,1,0,0
BGC0001639,0,0,0,0,1,0,0
BGC0002330,0,0,0,0,1,0,0
BGC0001836,0,0,0,1,0,0,0
BGC0000296,0,1,0,0,0,0,0
BGC0001188,0,0,0,0,1,0,0
BGC0000282,0,0,0,1,0,0,0
BGC0002495,0,1,0,0,0,0,0
BGC0001822,0,1,0,0,0,0,0
BGC0001375,0,0,0,0,0,0,1
BGC0001413,0,1,0,0,0,0,0
BGC0001407,0,0,0,0,1,0,0
BGC0000719,0,0,0,0,0,1,0
BGC0002668,0,0,0,0,1,0,0
BGC0001361,0,0,0,0,0,0,1
BGC0002640,0,0,0,0,1,0,0
BGC0000057,0,0,0,1,0,0,0
BGC0001349,0,1,0,1,0,0,0
BGC0000731,0,0,0,0,0,1,0
BGC0002126,0,1,0,0,0,0,0
BGC0002132,0,0,1,0,0,0,0
BGC0000725,0,0,0,0,0,1,0
BGC0000043,0,0,0,1,0,0,0
BGC0002654,0,1,0,0,0,0,0
BGC0000916,0,0,1,0,0,0,0
BGC0000902,0,0,0,1,0,0,0
BGC0000094,0,0,0,1,0,1,0
BGC0002683,0,0,1,0,0,0,0
BGC0002697,0,1,0,1,0,0,0
BGC0000080,0,0,0,1,0,0,0
BGC0002681,0,0,1,0,0,0,0
BGC0000096,0,0,0,1,0,0,0
BGC0001388,0,0,0,0,1,0,0
BGC0000082,0,0,0,1,0,0,0
BGC0002695,0,1,0,0,0,0,0
BGC0000914,0,0,1,0,0,0,0
BGC0000900,0,0,1,0,0,0,0
BGC0002124,0,0,0,1,0,0,0
BGC0000733,0,0,0,0,0,1,0
BGC0000055,0,0,0,1,0,1,0
BGC0002642,1,0,0,0,0,0,0
BGC0002656,0,0,0,1,0,0,0
BGC0000041,0,0,0,1,0,0,0
BGC0000727,0,0,0,0,0,1,0
BGC0001439,0,0,0,1,0,1,0
BGC0002130,0,0,0,0,1,0,0
BGC0001411,0,0,0,0,0,1,0
BGC0002118,0,1,0,1,0,0,0
BGC0001377,0,0,0,1,0,0,0
BGC0000069,0,0,0,1,0,0,0
BGC0001363,0,1,0,1,0,0,0
BGC0001405,0,0,0,1,0,0,0
BGC0000294,0,1,0,0,0,0,0
BGC0002483,0,0,0,1,0,0,0
BGC0001834,0,1,0,0,0,0,0
BGC0001820,0,1,0,0,0,0,0
BGC0002497,0,0,1,0,0,0,0
BGC0000280,0,0,0,1,0,0,0
BGC0001808,0,0,1,0,0,0,0
BGC0002440,0,1,0,0,0,0,0
BGC0000257,0,0,0,1,0,0,0
BGC0001149,0,1,0,0,0,1,0
BGC0000531,0,0,0,0,1,0,0
BGC0002326,0,1,0,0,0,0,0
BGC0002332,0,0,0,1,0,0,0
BGC0000525,0,0,0,0,1,0,0
BGC0000243,0,0,0,1,0,0,0
BGC0002454,0,0,0,1,0,0,0
BGC0001607,0,0,1,0,0,0,0
BGC0000519,0,0,0,0,1,0,0
BGC0002468,0,1,0,0,0,0,0
BGC0001161,0,0,0,1,0,0,0
BGC0002291,0,0,0,1,0,0,0
BGC0000486,0,0,0,0,1,0,0
BGC0001940,0,0,0,1,0,0,0
BGC0000492,0,0,0,0,1,0,0
BGC0001954,0,1,0,1,0,0,0
BGC0002285,0,0,0,0,1,0,0
BGC0001968,0,1,0,0,0,0,0
BGC0000323,0,1,0,0,0,0,0
BGC0000445,0,1,0,0,0,0,0
BGC0001983,0,0,1,0,0,0,0
BGC0002246,0,0,0,0,0,0,1
BGC0000451,0,1,0,0,0,0,0
BGC0001997,0,0,0,0,0,0,1
BGC0001029,0,1,0,1,0,0,0
BGC0000337,0,1,0,0,0,0,0
BGC0002520,0,0,0,1,0,0,0
BGC0001001,0,1,0,1,0,0,0
BGC0002508,1,0,0,0,0,0,0
BGC0000479,0,0,0,0,1,0,0
BGC0001767,0,1,0,0,0,0,0
BGC0001773,0,0,0,1,0,0,0
BGC0001015,0,1,0,1,0,0,0
BGC0000684,0,0,0,1,0,0,0
BGC0002093,0,1,0,1,0,0,0
BGC0002087,0,1,0,1,0,0,0
BGC0000690,0,0,0,0,0,1,0
BGC0000848,0,0,1,0,0,0,0
BGC0000860,0,0,1,0,0,0,0
BGC0000874,0,0,1,0,0,0,0
BGC0002050,0,1,0,1,0,0,0
BGC0001559,0,0,0,0,1,0,0
BGC0000647,0,0,0,0,0,0,1
BGC0000121,0,0,0,1,0,0,0
BGC0002736,0,0,0,0,0,0,1
BGC0002722,1,0,0,0,0,1,1
BGC0000135,0,0,0,1,0,0,0
BGC0000653,0,0,0,0,0,0,1
BGC0002044,0,1,0,0,0,0,0
BGC0001565,0,1,0,0,0,0,0
BGC0001203,0,1,0,1,0,0,0
BGC0000109,0,0,0,1,0,0,0
BGC0001217,0,0,1,0,0,0,0
BGC0002078,0,1,0,0,0,0,0
BGC0001571,0,0,0,0,0,0,1
BGC0001216,0,1,0,1,0,0,0
BGC0000108,0,0,0,1,0,0,0
BGC0001570,0,1,0,0,0,0,0
BGC0002079,0,1,0,0,0,0,0
BGC0001564,0,1,0,1,0,0,0
BGC0001202,0,1,0,1,0,0,0
BGC0000134,0,0,0,1,0,0,0
BGC0002723,0,0,0,0,0,0,1
BGC0002045,0,0,0,1,0,0,0
BGC0000652,0,0,0,0,0,0,1
BGC0000646,0,0,0,0,0,0,1
BGC0001558,0,0,0,1,0,0,0
BGC0002051,0,1,0,0,0,0,0
BGC0000120,0,0,0,1,0,0,0
BGC0000875,0,0,1,0,0,1,0
BGC0000861,0,0,1,0,0,0,0
BGC0000849,0,0,1,0,0,0,0
BGC0000691,0,0,0,0,0,1,0
BGC0002086,0,0,0,1,0,0,0
BGC0002092,0,1,0,0,0,0,0
BGC0000685,0,0,0,0,0,0,1
BGC0001772,0,0,0,1,0,0,0
BGC0001014,0,1,0,1,0,0,0
BGC0002509,0,1,0,0,0,0,0
BGC0001000,0,1,0,1,0,0,0
BGC0000478,0,0,0,0,1,0,0
BGC0001996,0,0,1,0,0,0,0
BGC0000450,0,1,0,0,0,0,0
BGC0002521,0,1,0,0,0,0,0
BGC0000336,0,1,0,0,0,0,0
BGC0001028,0,1,0,1,0,0,0
BGC0000322,0,1,0,0,0,0,0
BGC0002535,0,1,0,0,0,0,0
BGC0002253,0,0,0,1,0,0,0
BGC0000444,0,1,0,0,0,0,0
BGC0001969,0,0,0,0,0,0,1
BGC0002284,0,0,1,0,0,0,0
BGC0001955,0,1,0,0,0,0,0
BGC0000493,0,0,0,0,1,0,0
BGC0001941,0,1,0,1,0,0,0
BGC0000487,0,0,0,0,1,0,0
BGC0001799,1,0,0,0,0,0,0
BGC0002290,0,0,1,0,0,0,0
BGC0000518,0,0,0,0,1,0,0
BGC0001606,0,0,0,1,0,0,0
BGC0001160,0,0,0,1,0,0,0
BGC0002469,0,0,1,0,0,0,0
BGC0001174,0,0,0,0,1,0,0
BGC0001612,1,0,0,0,0,0,0
BGC0002333,0,0,0,1,0,0,0
BGC0002455,0,0,0,1,0,0,0
BGC0000242,0,0,0,1,0,0,0
BGC0001148,0,1,0,0,1,0,0
BGC0000256,0,0,0,1,0,0,0
BGC0002441,0,1,0,1,0,0,0
BGC0002327,0,1,0,0,0,0,0
BGC0000530,0,0,0,0,1,0,0
BGC0001809,0,0,1,0,0,0,0
BGC0000281,0,0,0,1,0,0,0
BGC0002496,0,1,0,0,0,0,0
BGC0002482,0,0,1,0,0,0,0
BGC0000295,0,1,0,0,0,0,0
BGC0001835,0,0,0,1,0,0,0
BGC0001404,0,0,0,1,0,0,0
BGC0002119,0,1,0,1,0,0,0
BGC0001410,0,0,0,0,0,1,0
BGC0000068,0,0,0,1,0,0,0
BGC0001376,0,0,0,1,0,0,0
BGC0000040,0,0,0,1,0,0,0
BGC0002657,0,1,0,1,0,0,0
BGC0002131,0,1,0,1,0,1,0
BGC0001438,0,0,0,1,0,1,0
BGC0000732,0,0,0,0,0,1,0
BGC0002125,0,1,0,0,0,0,0
BGC0002643,1,0,0,0,0,0,0
BGC0000054,0,0,0,1,0,0,0
BGC0000901,0,0,1,0,0,0,0
BGC0000915,0,0,1,0,0,0,0
BGC0002694,0,0,1,0,0,0,0
BGC0000083,0,0,0,1,0,0,0
BGC0000929,0,0,1,0,0,0,0
BGC0001389,0,1,0,0,0,0,0
BGC0000097,0,0,0,1,0,0,0
BGC0002680,0,1,0,0,0,0,0
BGC0002699,0,0,0,0,1,0,0
BGC0001390,0,1,0,1,0,0,0
BGC0000930,0,0,0,0,0,0,1
BGC0000924,0,0,1,0,0,0,0
BGC0001384,0,0,0,1,0,0,0
BGC0000918,0,0,1,0,0,0,0
BGC0001435,0,1,0,1,0,0,0
BGC0001421,0,1,0,1,0,0,0
BGC0002128,0,0,1,0,0,0,0
BGC0000059,0,0,0,1,0,0,0
BGC0002666,1,1,0,0,0,0,0
BGC0001409,0,0,0,1,0,0,0
BGC0002100,0,1,1,0,0,0,0
BGC0002114,0,1,0,1,0,0,0
BGC0000703,0,0,0,0,0,1,0
BGC0000065,0,0,0,1,0,0,0
BGC0002672,0,0,0,1,0,0,0
BGC0001192,0,1,0,0,0,0,0
BGC0001186,0,0,0,1,0,0,0
BGC0000298,0,1,0,0,0,0,0
BGC0001838,0,1,0,0,0,0,0
BGC0001810,0,0,0,1,0,0,0
BGC0001637,0,1,0,0,0,0,0
BGC0000529,0,0,0,0,1,0,0
BGC0002458,0,1,0,0,0,0,0
BGC0001151,0,0,1,0,0,0,0
BGC0001145,0,0,0,0,1,0,0
BGC0001623,0,1,0,1,0,0,0
BGC0002302,0,0,0,0,0,1,0
BGC0000515,0,0,0,0,1,0,0
BGC0000273,0,0,0,1,0,1,0
BGC0002464,0,0,1,0,0,0,0
BGC0002470,0,0,1,0,0,0,0
BGC0000267,0,0,0,1,0,1,0
BGC0001179,0,0,0,1,0,0,0
BGC0000501,0,0,0,0,1,0,0
BGC0002316,0,0,0,0,1,0,0
BGC0002289,0,0,0,0,1,0,0
BGC0001780,0,1,0,0,0,0,0
BGC0001794,0,1,0,1,0,0,0
BGC0001964,0,0,0,1,0,0,0
BGC0001970,0,1,0,1,0,0,0
BGC0001743,0,0,0,0,1,0,0
BGC0001025,0,1,0,1,0,0,0
BGC0001031,0,1,0,1,0,0,0
BGC0002538,0,0,0,1,0,0,0
BGC0000449,0,1,0,0,0,0,0
BGC0001757,0,0,1,0,0,0,0
BGC0002276,0,1,0,0,0,0,0
BGC0000461,0,1,0,0,0,0,0
BGC0001019,0,1,0,1,0,0,0
BGC0000307,0,1,0,0,0,0,0
BGC0002510,0,0,0,1,0,0,0
BGC0002504,0,0,0,1,0,0,0
BGC0000313,0,1,0,0,0,0,0
BGC0000475,0,0,0,0,1,0,0
BGC0002262,0,0,0,1,0,0,0
BGC0000844,0,0,1,0,0,0,0
BGC0001582,0,1,0,0,0,0,0
BGC0000688,0,0,0,0,0,0,1
BGC0000850,0,0,1,0,0,0,0
BGC0001596,0,0,0,1,0,0,0
BGC0000878,0,0,1,0,0,0,0
BGC0001227,0,0,0,0,0,0,1
BGC0002048,0,1,0,0,0,0,0
BGC0000887,1,0,0,0,0,0,0
BGC0001541,0,0,0,1,0,0,0
BGC0000893,0,1,0,0,0,0,0
BGC0001555,0,0,0,0,1,0,0
BGC0001233,0,1,0,0,0,0,0
BGC0002712,0,0,0,1,0,0,0
BGC0000105,0,0,0,1,0,0,0
BGC0000663,0,0,0,0,0,0,1
BGC0002074,0,0,0,0,1,0,0
BGC0002060,0,0,0,1,0,0,0
BGC0001569,0,1,0,0,0,0,0
BGC0000677,0,0,0,0,0,0,1
BGC0000111,0,0,0,1,0,0,0
BGC0002706,0,1,0,0,0,0,0
BGC0000676,0,0,0,0,0,0,1
BGC0001568,0,0,0,1,0,0,0
BGC0002061,0,1,0,1,0,0,0
BGC0002707,0,0,0,0,0,0,1
BGC0000110,0,0,0,1,0,0,0
BGC0000104,0,0,0,1,0,0,1
BGC0002713,0,1,0,0,0,0,0
BGC0002075,1,1,0,0,0,0,0
BGC0000662,0,0,0,0,0,0,1
BGC0001554,0,0,1,0,0,0,0
BGC0000892,0,0,1,0,0,0,0
BGC0001226,0,0,0,0,1,0,0
BGC0000138,0,0,0,1,0,0,0
BGC0001540,0,0,1,0,0,0,0
BGC0000886,0,0,1,0,0,0,0
BGC0002049,0,0,0,0,1,0,0
BGC0000879,0,0,1,0,0,0,0
BGC0001597,0,0,0,1,0,0,0
BGC0000851,0,0,1,0,0,0,0
BGC0000689,0,0,0,0,0,1,0
BGC0001583,0,0,0,1,0,0,0
BGC0000845,0,0,1,0,0,0,0
BGC0000312,0,1,0,0,0,0,0
BGC0002505,0,1,0,1,0,0,0
BGC0000474,0,0,0,0,1,0,0
BGC0000460,0,1,0,0,0,0,0
BGC0002277,0,1,0,0,0,0,0
BGC0000306,0,1,0,0,0,0,0
BGC0001018,0,1,0,0,0,0,0
BGC0002539,1,0,0,0,0,0,0
BGC0001030,0,1,0,1,0,0,0
BGC0001756,0,0,0,0,0,0,1
BGC0000448,0,1,0,0,0,0,0
BGC0001742,0,0,0,1,0,0,0
BGC0001024,0,1,0,1,0,0,0
BGC0001971,0,1,0,1,0,0,0
BGC0001965,0,0,1,0,0,0,0
BGC0001795,0,0,0,1,0,0,0
BGC0001959,0,0,1,0,0,0,0
BGC0001781,0,0,0,0,1,0,0
BGC0002288,0,1,0,0,0,0,0
BGC0001178,0,1,0,0,0,0,0
BGC0000266,0,0,0,1,0,0,0
BGC0002471,0,0,1,0,0,0,0
BGC0002317,0,0,0,0,1,0,0
BGC0000500,0,0,0,0,1,0,0
BGC0000514,0,0,0,0,1,0,0
BGC0002303,0,0,0,0,1,0,0
BGC0002465,0,1,0,0,0,0,0
BGC0000272,0,0,0,1,0,0,0
BGC0001144,0,0,0,1,0,0,0
BGC0001622,0,0,0,1,0,0,0
BGC0000528,0,0,0,0,1,0,0
BGC0001636,0,1,0,0,0,0,0
BGC0001150,0,0,0,1,0,0,0
BGC0001811,0,0,0,0,0,0,1
BGC0001187,0,1,0,1,0,0,0
BGC0001839,0,0,0,0,0,0,1
BGC0001193,0,1,0,0,0,0,0
BGC0000702,0,0,0,0,0,1,0
BGC0002115,0,0,0,0,1,0,0
BGC0002673,1,0,0,1,0,0,0
BGC0000064,0,1,0,1,0,0,0
BGC0000070,0,0,0,1,0,0,0
BGC0002667,0,0,0,0,1,0,0
BGC0002101,0,0,0,1,0,0,0
BGC0001408,0,0,1,0,0,0,0
BGC0000716,0,0,0,0,0,1,0
BGC0002129,0,0,0,1,0,0,0
BGC0001420,0,1,0,1,0,0,0
BGC0000058,0,0,0,1,0,0,0
BGC0001346,0,1,0,0,0,0,0
BGC0001434,0,1,0,0,0,0,0
BGC0000919,0,0,1,0,0,0,0
BGC0000925,0,0,1,0,0,0,0
BGC0001391,0,0,0,0,1,0,0
BGC0002698,0,0,0,0,1,0,0
BGC0000099,0,0,0,1,0,0,0
BGC0001387,0,0,1,0,0,0,0
BGC0000927,0,0,1,0,0,0,0
BGC0000933,0,0,1,0,0,0,0
BGC0001393,0,1,0,0,0,0,0
BGC0001344,0,1,0,1,0,0,0
BGC0001422,0,1,0,1,0,0,0
BGC0000728,0,0,0,0,0,1,0
BGC0001436,0,0,0,1,0,0,0
BGC0001350,0,0,0,1,0,0,0
BGC0002659,0,0,0,0,1,0,0
BGC0001378,0,0,0,1,0,0,0
BGC0000066,0,0,0,1,0,0,0
BGC0002671,0,0,0,1,0,0,0
BGC0002117,0,1,0,0,0,0,0
BGC0000700,0,0,0,0,0,1,0
BGC0000714,0,0,0,0,0,1,0
BGC0002103,0,0,1,0,0,0,0
BGC0002665,0,0,0,0,1,0,0
BGC0000072,0,0,0,1,0,0,0
BGC0001185,0,1,0,0,0,0,0
BGC0001191,0,0,1,0,0,0,0
BGC0002498,0,0,1,0,0,0,0
BGC0001807,0,1,0,1,0,0,0
BGC0001813,0,1,0,0,0,0,0
BGC0002329,0,1,0,0,0,0,0
BGC0001620,0,1,0,1,0,0,0
BGC0000258,0,0,0,1,0,0,0
BGC0001146,0,0,0,0,1,0,0
BGC0001152,0,1,0,1,0,0,0
BGC0001634,0,0,0,0,1,0,0
BGC0000502,0,0,0,0,1,0,0
BGC0002315,0,0,0,1,0,0,0
BGC0002473,0,1,0,0,0,0,0
BGC0000264,0,0,0,1,0,0,0
BGC0000270,0,0,0,1,0,0,0
BGC0002467,0,1,0,0,0,0,0
BGC0002301,0,0,0,1,0,0,0
BGC0001608,0,1,0,0,0,0,0
BGC0000516,0,0,0,0,1,0,0
BGC0001797,0,0,0,0,1,0,0
BGC0000489,0,0,0,0,1,0,0
BGC0001783,0,0,1,0,0,0,0
BGC0001967,0,1,0,1,0,0,0
BGC0001032,0,1,0,1,0,0,0
BGC0001026,0,1,0,1,0,0,0
BGC0001998,0,0,0,1,0,0,0
BGC0001740,0,1,0,1,0,0,0
BGC0002249,0,0,0,1,0,0,0
BGC0000476,0,0,0,0,1,0,0
BGC0001768,0,1,0,0,0,0,0
BGC0002261,0,0,0,1,0,0,0
BGC0002507,0,0,0,1,0,0,0
BGC0000310,0,1,0,0,0,0,0
BGC0000304,0,1,0,0,0,0,0
BGC0002275,0,1,0,1,0,0,0
BGC0000853,0,0,1,0,0,0,0
BGC0001595,1,0,0,0,0,0,0
BGC0000847,0,0,1,0,0,0,0
BGC0002088,0,0,0,1,0,1,0
BGC0001230,0,1,0,1,0,0,0
BGC0000890,0,0,1,0,0,0,0
BGC0001556,0,1,0,1,0,0,0
BGC0000648,0,0,0,0,0,0,1
BGC0000884,0,0,1,0,0,0,0
BGC0001542,0,0,0,1,0,0,0
BGC0001224,0,0,1,0,0,0,0
BGC0000112,0,0,0,1,0,0,0
BGC0002063,0,0,0,1,0,0,0
BGC0000674,0,0,0,0,0,0,1
BGC0000660,0,0,0,0,0,0,1
BGC0002711,0,0,0,1,0,0,0
BGC0000106,0,0,0,1,0,0,0
BGC0001218,0,1,0,1,0,0,0
BGC0002076,0,0,1,0,0,0,0
BGC0000661,0,0,0,0,0,0,1
BGC0001219,0,0,0,1,0,0,0
BGC0000107,0,0,0,1,0,0,0
BGC0002710,0,1,0,0,0,0,0
BGC0002704,0,0,0,0,1,0,0
BGC0000113,0,0,0,1,0,0,0
BGC0000675,0,0,0,0,0,0,1
BGC0002062,0,0,0,1,0,0,0
BGC0001543,0,0,0,1,0,0,0
BGC0000885,0,0,1,0,0,0,0
BGC0001225,0,1,0,0,0,0,0
BGC0001231,0,1,0,1,0,0,0
BGC0000649,0,0,0,0,0,0,1
BGC0000891,0,0,1,0,0,0,0
BGC0002089,0,1,0,0,0,0,0
BGC0001580,0,0,0,1,0,0,0
BGC0000846,0,0,1,0,0,0,0
BGC0001594,1,0,0,0,0,0,0
BGC0000852,0,0,1,0,0,0,0
BGC0002512,0,1,0,0,0,0,0
BGC0000305,0,1,0,0,0,0,0
BGC0002274,0,1,0,0,0,0,0
BGC0002260,0,0,0,0,0,0,1
BGC0001769,0,0,0,1,0,0,0
BGC0000477,0,0,0,0,1,0,0
BGC0000311,0,1,0,0,0,0,0
BGC0002506,0,0,0,1,0,0,0
BGC0000339,0,1,0,0,0,0,0
BGC0001027,0,1,0,1,0,0,0
BGC0002248,0,1,0,0,0,0,1
BGC0001741,0,1,0,1,0,0,0
BGC0001999,0,1,0,0,0,0,0
BGC0001755,0,0,0,1,0,0,0
BGC0001033,0,1,0,1,0,0,0
BGC0001966,0,1,0,1,0,0,0
BGC0001972,0,0,1,0,0,0,0
BGC0001782,0,0,1,0,0,0,0
BGC0000488,0,0,0,0,1,0,0
BGC0001796,0,1,0,0,0,0,0
BGC0002466,0,1,0,0,0,0,0
BGC0000271,0,0,0,1,0,0,0
BGC0000517,0,0,0,0,1,0,0
BGC0001609,0,1,0,0,0,0,0
BGC0002300,0,1,0,0,0,0,0
BGC0002314,0,1,0,0,0,0,0
BGC0000503,0,0,0,0,1,0,0
BGC0000265,0,0,0,1,0,0,0
BGC0002472,0,1,0,0,0,0,0
BGC0001153,0,1,0,0,0,0,0
BGC0001635,0,1,0,1,0,0,0
BGC0001621,0,1,0,0,0,0,0
BGC0002328,0,0,0,0,1,0,0
BGC0001147,0,1,0,0,0,0,0
BGC0000259,0,0,0,1,0,0,0
BGC0001812,0,0,0,1,0,0,0
BGC0001806,0,1,0,0,0,0,0
BGC0002499,0,1,0,1,0,0,0
BGC0001190,0,0,0,1,0,0,0
BGC0001184,0,0,1,0,0,0,0
BGC0002102,0,0,0,1,0,0,0
BGC0000715,0,0,0,0,0,1,0
BGC0000073,0,0,0,1,0,0,0
BGC0002670,0,0,1,0,0,0,0
BGC0000067,0,0,0,1,0,0,0
BGC0001379,0,1,0,0,0,0,0
BGC0000701,0,0,0,0,0,1,0
BGC0002116,0,0,0,0,1,0,0
BGC0001437,0,1,0,0,0,0,0
BGC0000729,0,0,0,0,0,1,0
BGC0001351,0,1,0,0,0,0,0
BGC0001345,0,1,0,0,0,0,0
BGC0001423,0,1,0,1,0,0,0
BGC0000932,0,0,1,0,0,0,0
BGC0001392,0,0,0,0,1,0,0
BGC0001386,0,0,0,1,0,0,0
BGC0000098,0,0,0,1,0,0,0
BGC0000926,0,0,1,0,0,0,0
BGC0000922,0,0,1,0,0,0,0
BGC0000088,0,0,0,1,0,0,0
BGC0001396,0,0,0,1,0,0,0
BGC0000936,0,0,1,0,0,0,0
BGC0000705,0,0,0,0,0,1,0
BGC0000063,0,0,0,1,0,0,0
BGC0002674,0,0,0,0,1,0,0
BGC0002660,0,1,0,0,0,0,0
BGC0001369,0,0,0,1,0,0,0
BGC0000077,0,0,0,1,0,0,0
BGC0000711,0,0,0,0,0,1,0
BGC0002106,0,0,0,1,0,0,0
BGC0000739,0,0,0,0,0,1,0
BGC0001427,0,1,0,1,0,0,0
BGC0002648,0,0,0,1,0,0,0
BGC0001341,0,1,0,0,0,0,0
BGC0001433,0,0,0,1,0,0,0
BGC0001802,0,0,0,0,1,0,0
BGC0001816,0,1,0,1,0,0,0
BGC0002489,0,0,1,0,0,0,0
BGC0001194,0,0,0,1,0,0,0
BGC0002476,0,1,0,0,0,0,0
BGC0000261,0,0,0,1,0,0,0
BGC0001619,0,0,0,1,0,0,0
BGC0000507,0,0,0,0,1,0,0
BGC0002304,0,1,0,1,0,0,0
BGC0000513,0,0,0,0,1,0,0
BGC0000275,0,0,0,1,0,0,0
BGC0002462,0,0,0,0,0,1,0
BGC0001143,0,0,0,1,0,0,0
BGC0001625,0,0,0,1,0,0,0
BGC0001631,0,1,0,1,0,0,0
BGC0002338,0,0,0,1,0,0,0
BGC0000249,0,0,0,1,0,0,0
BGC0001157,0,0,0,0,1,0,0
BGC0001976,0,0,0,0,0,0,1
BGC0001962,0,0,0,1,0,0,0
BGC0001792,0,1,0,0,0,0,0
BGC0001786,0,0,0,0,1,0,0
BGC0000498,0,0,0,0,1,0,0
BGC0002502,0,0,0,1,0,0,0
BGC0000315,0,1,0,0,0,0,0
BGC0000473,0,0,0,0,1,0,0
BGC0002264,0,1,0,0,0,0,0
BGC0002270,0,1,0,1,0,0,0
BGC0000467,0,1,0,0,0,0,0
BGC0001779,0,0,0,0,1,0,0
BGC0000301,0,1,0,0,0,0,0
BGC0001037,0,1,0,1,0,0,0
BGC0000329,0,1,0,0,0,0,0
BGC0002258,0,0,0,1,0,0,0
BGC0001989,0,0,1,0,0,0,0
BGC0001751,0,1,0,1,0,0,0
BGC0001745,0,0,0,0,1,0,0
BGC0001023,0,1,0,1,0,0,0
BGC0002099,0,0,0,0,1,0,0
BGC0001590,0,0,0,1,0,0,0
BGC0000856,0,0,1,0,0,0,0
BGC0001584,0,0,0,1,0,0,0
BGC0000842,0,0,1,0,0,0,0
BGC0002066,0,1,0,1,0,0,0
BGC0000671,0,0,0,0,0,0,1
BGC0000117,0,0,0,1,0,0,0
BGC0001209,0,0,0,0,1,0,0
BGC0002700,0,0,0,0,1,0,0
BGC0002714,0,1,0,1,0,0,0
BGC0000103,0,0,0,1,0,0,0
BGC0000665,1,0,0,0,0,0,1
BGC0002072,0,0,0,1,0,0,0
BGC0001553,0,1,0,1,0,0,0
BGC0000895,0,0,1,0,0,0,0
BGC0001235,0,1,0,1,0,0,0
BGC0001221,0,0,1,0,0,0,0
BGC0002728,0,1,0,0,0,0,1
BGC0001547,0,0,0,0,0,0,1
BGC0000881,0,0,1,0,0,0,0
BGC0000659,0,0,0,0,0,0,1
BGC0002729,0,0,0,1,0,0,0
BGC0001220,0,1,0,0,0,0,0
BGC0000658,0,0,0,0,0,0,1
BGC0000880,0,0,1,0,0,0,0
BGC0000894,0,0,1,0,0,0,0
BGC0001552,0,0,0,0,1,0,0
BGC0000102,0,0,0,1,0,0,0
BGC0002715,0,1,0,1,0,0,0
BGC0002073,0,1,0,0,0,0,0
BGC0000664,0,0,0,0,0,0,1
BGC0000670,0,0,0,0,0,0,1
BGC0002067,0,1,0,1,0,0,0
BGC0002701,0,0,0,0,1,0,0
BGC0000116,0,0,0,1,0,0,0
BGC0000843,0,0,1,0,0,0,0
BGC0001585,1,0,0,0,0,0,0
BGC0000857,0,0,1,0,0,0,0
BGC0001591,0,0,1,0,0,0,0
BGC0002098,0,0,0,1,0,0,0
BGC0001022,0,1,0,1,0,0,0
BGC0000328,0,1,0,0,0,0,0
BGC0001036,0,1,0,1,0,0,0
BGC0001750,0,1,0,1,0,0,0
BGC0001988,0,0,0,1,0,0,0
BGC0002259,0,1,0,1,0,0,0
BGC0001778,0,0,1,0,0,0,0
BGC0000466,0,1,0,0,0,0,0
BGC0002271,0,1,0,0,0,0,0
BGC0002517,0,0,0,1,0,0,0
BGC0000300,0,1,0,0,0,0,0
BGC0000314,0,1,1,1,0,0,0
BGC0002503,0,1,0,1,0,0,0
BGC0000472,0,0,0,0,1,0,0
BGC0000499,0,0,0,0,1,0,0
BGC0001787,0,0,0,0,1,0,0
BGC0001793,0,1,0,1,0,0,0
BGC0001963,0,1,0,1,0,0,0
BGC0002339,0,0,0,0,0,0,1
BGC0001630,0,1,0,1,0,0,0
BGC0001156,0,0,0,0,0,0,1
BGC0000248,0,0,0,1,0,0,0
BGC0001142,0,1,0,0,0,0,0
BGC0001624,0,0,1,0,0,0,0
BGC0002305,0,0,1,0,0,0,0
BGC0002463,0,0,1,0,0,0,0
BGC0000274,0,0,0,1,0,0,0
BGC0000260,0,0,0,1,0,0,0
BGC0002477,0,0,0,1,0,0,0
BGC0002311,0,0,0,0,1,0,0
BGC0000506,0,0,0,0,1,0,0
BGC0001618,0,0,0,0,1,0,0
BGC0001195,0,1,0,1,0,0,0
BGC0001181,0,0,0,0,0,0,1
BGC0002488,0,0,1,0,0,0,0
BGC0001817,0,0,1,0,0,0,0
BGC0001432,0,1,0,1,0,0,0
BGC0001426,0,1,0,1,0,0,0
BGC0000738,0,0,0,0,0,1,0
BGC0001340,0,0,0,1,0,0,0
BGC0002649,0,1,0,1,0,0,0
BGC0000076,0,0,0,1,0,0,0
BGC0001368,0,1,0,0,0,0,0
BGC0002661,0,1,0,0,0,0,0
BGC0002107,0,1,0,1,0,0,0
BGC0000704,0,0,0,0,0,1,0
BGC0002675,0,0,0,1,0,0,0
BGC0000062,0,0,0,1,0,0,0
BGC0001397,0,1,0,1,0,0,0
BGC0000937,0,0,1,0,0,0,0
BGC0000923,0,0,1,0,0,0,0
BGC0001383,0,0,0,1,0,0,0
BGC0000909,0,0,1,0,0,0,0
BGC0000935,0,0,1,1,0,0,0
BGC0001395,0,0,1,0,0,0,0
BGC0001381,0,0,0,1,0,0,0
BGC0002688,0,1,0,0,0,0,0
BGC0000921,0,1,1,1,0,0,0
BGC0000712,0,0,0,0,0,1,0
BGC0002105,0,0,0,1,0,0,0
BGC0002663,0,0,0,0,1,0,0
BGC0000074,0,0,0,1,0,0,0
BGC0000060,0,0,0,1,0,0,0
BGC0002677,0,0,1,0,0,0,0
BGC0002111,0,0,0,0,1,0,0
BGC0000706,0,0,0,0,0,1,0
BGC0001418,0,1,0,1,0,0,0
BGC0002139,0,0,0,1,0,0,0
BGC0001430,0,1,0,1,0,0,0
BGC0001356,0,0,0,0,1,0,0
BGC0000048,0,0,0,1,0,0,0
BGC0001342,0,1,0,1,0,0,0
BGC0001424,0,1,0,1,0,0,0
BGC0001801,0,1,0,0,0,0,0
BGC0001197,0,0,0,1,0,0,0
BGC0000289,0,1,0,0,0,1,0
BGC0001829,0,1,0,1,0,0,0
BGC0001183,0,0,0,1,0,0,0
BGC0001168,0,1,0,0,0,0,0
BGC0002461,0,0,0,1,0,0,0
BGC0002307,0,0,0,0,1,0,0
BGC0000510,0,0,0,0,1,0,0
BGC0000504,0,0,0,0,1,0,0
BGC0002313,0,0,1,0,0,0,0
BGC0002475,0,1,0,0,0,0,0
BGC0000262,0,0,0,1,0,1,0
BGC0001154,0,0,1,0,0,0,0
BGC0001632,0,0,0,0,1,0,0
BGC0001626,0,0,0,1,0,0,0
BGC0000538,0,0,0,0,1,0,0
BGC0001140,0,0,0,0,0,0,1
BGC0002449,0,0,1,0,0,0,0
BGC0001961,0,1,0,0,0,0,0
BGC0001975,0,1,0,0,0,0,0
BGC0001785,0,0,0,1,0,0,0
BGC0001791,0,1,0,0,0,0,0
BGC0001949,0,0,1,0,0,0,0
BGC0002298,0,0,0,0,1,0,0
BGC0000302,0,1,0,0,0,0,0
BGC0002515,0,0,0,1,0,0,0
BGC0002273,0,1,0,0,0,0,0
BGC0000464,0,1,0,0,0,0,0
BGC0000470,0,0,0,0,1,0,0
BGC0002267,0,0,0,1,0,0,0
BGC0002501,1,0,0,0,0,0,0
BGC0001008,0,0,0,1,0,0,0
BGC0000316,0,1,0,0,0,0,0
BGC0002529,0,1,0,0,0,0,0
BGC0001020,0,1,0,1,0,0,0
BGC0000458,0,1,0,0,0,0,0
BGC0001746,0,0,0,0,0,0,1
BGC0001752,0,1,0,0,0,0,0
BGC0001034,0,1,0,1,0,0,0
BGC0000869,0,0,1,0,0,0,0
BGC0000699,0,0,0,0,0,1,0
BGC0001587,0,0,1,0,0,0,0
BGC0000841,0,0,1,0,0,0,0
BGC0001593,0,1,0,0,0,0,0
BGC0000855,0,0,1,0,0,0,0
BGC0001578,0,0,0,1,0,0,0
BGC0000666,0,0,0,0,0,0,1
BGC0002071,0,1,0,0,0,0,0
BGC0000100,0,0,0,1,0,0,0
BGC0000114,0,0,0,1,0,0,0
BGC0002703,0,0,0,0,1,0,0
BGC0000672,0,0,0,0,0,0,1
BGC0001544,0,1,0,1,0,0,0
BGC0000882,0,0,1,0,0,0,0
BGC0001222,0,0,0,0,1,0,0
BGC0000128,0,0,0,1,0,0,0
BGC0001236,0,0,0,1,0,0,0
BGC0001550,0,0,0,0,1,0,0
BGC0000896,0,0,1,0,0,0,0
BGC0002059,0,1,0,1,0,0,0
BGC0001237,0,0,0,1,0,0,0
BGC0000129,0,0,0,1,0,0,0
BGC0002058,0,1,0,1,0,0,0
BGC0000897,0,0,1,0,0,0,0
BGC0001551,0,0,0,0,1,0,0
BGC0000883,0,0,1,0,0,0,0
BGC0001545,0,1,0,0,0,0,0
BGC0001223,0,0,1,0,0,0,0
BGC0002702,0,1,0,0,0,0,0
BGC0000115,0,0,0,1,0,1,0
BGC0000673,0,0,0,0,0,0,1
BGC0002064,0,0,0,0,1,0,0
BGC0002070,0,0,0,1,0,0,0
BGC0000667,0,0,0,0,0,0,1
BGC0001579,0,0,0,0,1,0,0
BGC0002716,0,1,0,0,0,0,0
BGC0000854,0,0,1,0,0,0,0
BGC0001592,0,0,1,0,0,0,0
BGC0000840,0,0,1,0,0,0,0
BGC0001586,0,0,0,0,0,1,0
BGC0000698,0,0,0,0,0,1,0
BGC0000868,0,0,1,0,0,0,0
BGC0001753,0,0,0,0,1,0,0
BGC0001035,0,1,0,1,0,0,0
BGC0001021,0,1,0,1,0,0,0
BGC0002528,0,1,0,0,0,0,0
BGC0001747,0,0,1,0,0,0,0
BGC0000459,0,1,0,1,0,0,0
BGC0002266,0,0,0,1,0,0,1
BGC0000471,0,0,0,0,1,0,0
BGC0002500,0,0,0,1,0,0,0
BGC0002514,0,0,0,1,0,0,0
BGC0000303,0,1,0,0,0,0,0
BGC0000465,0,1,0,0,0,0,0
BGC0002272,0,1,0,0,0,0,0
BGC0001948,0,0,1,0,0,0,0
BGC0001790,0,1,0,0,0,0,0
BGC0001784,0,0,0,1,0,0,0
BGC0001974,0,0,1,0,0,0,0
BGC0001960,0,0,0,1,0,0,0
BGC0000539,0,0,0,0,1,0,0
BGC0001627,0,1,0,0,0,0,0
BGC0002448,0,1,0,0,0,0,0
BGC0001141,0,0,0,1,0,0,0
BGC0001155,0,0,0,0,1,0,0
BGC0001633,0,0,1,0,0,0,0
BGC0002312,0,0,0,0,1,0,0
BGC0000505,0,0,0,0,1,0,0
BGC0000263,0,0,0,1,0,0,0
BGC0002474,0,1,0,0,0,0,0
BGC0002460,1,0,0,0,0,0,0
BGC0001169,0,0,0,1,0,0,0
BGC0000277,0,0,0,1,0,0,0
BGC0000511,0,0,0,0,1,0,0
BGC0002306,0,0,0,0,1,0,0
BGC0001182,0,1,0,1,0,0,0
BGC0000288,0,1,0,0,0,0,0
BGC0001196,0,1,0,0,0,0,0
BGC0001828,0,0,0,1,0,0,0
BGC0001800,0,1,0,1,0,0,0
BGC0001814,0,1,0,0,0,0,0
BGC0001343,0,0,0,1,0,0,0
BGC0001425,0,1,0,1,0,0,0
BGC0001431,0,1,0,1,0,0,0
BGC0002138,0,0,0,1,0,0,0
BGC0001357,0,0,0,1,0,0,0
BGC0002676,0,1,0,0,0,0,0
BGC0001419,0,1,0,1,0,0,0
BGC0000707,0,0,0,0,0,1,0
BGC0002110,0,0,0,0,1,0,0
BGC0002104,0,1,0,1,0,0,0
BGC0000713,0,0,0,0,0,1,0
BGC0000075,0,0,0,1,0,0,0
BGC0002662,0,1,0,0,0,0,0
BGC0002689,0,1,0,0,0,0,0
BGC0001380,0,0,0,0,0,1,0
BGC0000920,0,0,1,0,0,0,0
BGC0000934,0,0,1,0,0,0,0
BGC0001394,0,1,0,1,0,0,0
BGC0000908,0,0,1,0,0,0,0
BGC0001495,0,0,0,1,0,0,0
BGC0000953,0,0,0,0,0,1,0
BGC0001481,0,0,0,0,0,0,1
BGC0000947,0,0,1,0,0,0,0
BGC0002188,0,1,0,1,0,0,0
BGC0000748,0,0,0,0,0,1,0
BGC0001456,0,0,0,0,0,0,1
BGC0000990,0,1,0,1,0,0,0
BGC0002639,0,1,0,0,0,0,0
BGC0001330,0,1,0,1,0,0,0
BGC0001324,0,0,0,0,0,0,1
BGC0001442,0,1,0,0,0,0,0
BGC0000984,0,1,0,1,0,0,0
BGC0002163,0,0,1,0,0,0,0
BGC0000774,0,0,0,0,0,1,0
BGC0000012,0,0,0,1,0,0,0
BGC0002605,0,1,0,1,0,0,0
BGC0002611,0,1,0,0,0,0,0
BGC0001318,0,0,1,0,0,0,0
BGC0000006,0,0,0,1,0,0,0
BGC0000760,0,0,0,0,0,1,0
BGC0002177,0,0,0,1,0,0,0
BGC0000589,0,0,0,0,1,0,0
BGC0001683,0,0,1,0,0,0,0
BGC0001873,0,1,0,0,0,0,0
BGC0001867,0,0,0,0,1,0,0
BGC0001132,0,1,0,0,0,0,0
BGC0001654,0,0,0,0,0,1,0
BGC0001640,0,0,0,0,1,0,0
BGC0002349,0,0,0,1,0,1,0
BGC0000238,0,0,0,1,0,0,0
BGC0001126,1,0,0,0,0,0,1
BGC0002407,0,0,1,0,0,1,0
BGC0000210,0,0,0,1,0,1,0
BGC0001668,0,1,0,0,0,0,0
BGC0000576,0,0,0,0,1,0,0
BGC0002361,0,0,0,1,0,1,0
BGC0000562,0,0,0,0,1,0,0
BGC0000204,0,0,0,1,0,0,0
BGC0002413,0,1,0,0,0,0,0
BGC0001085,0,1,0,0,0,0,1
BGC0001091,0,1,0,1,0,0,0
BGC0002598,0,0,0,1,0,0,0
BGC0001907,0,0,0,1,0,0,0
BGC0001913,0,0,0,1,0,0,0
BGC0001046,0,1,0,1,0,1,0
BGC0002229,0,0,0,1,0,0,0
BGC0001720,0,0,0,1,0,0,0
BGC0001052,0,1,0,1,0,0,0
BGC0002573,0,0,1,0,0,0,0
BGC0000364,0,1,0,0,0,0,0
BGC0000402,0,1,0,0,0,0,0
BGC0002215,0,0,0,1,0,0,0
BGC0000416,0,1,0,0,0,0,0
BGC0001708,0,0,0,1,0,0,1
BGC0002567,0,0,1,0,0,0,0
BGC0000827,1,0,0,0,0,0,0
BGC0001287,0,0,0,1,0,0,0
BGC0000199,0,0,0,1,0,1,0
BGC0001293,0,0,0,1,0,0,0
BGC0000833,0,0,1,0,0,1,0
BGC0001522,0,0,0,1,0,0,0
BGC0001244,0,0,0,1,0,0,0
BGC0001250,0,1,0,0,0,0,0
BGC0001536,0,1,0,0,0,0,0
BGC0000628,0,0,0,0,1,0,0
BGC0002017,0,1,0,0,0,0,0
BGC0000600,0,0,0,0,1,0,0
BGC0000166,0,0,0,1,0,0,0
BGC0001278,0,0,0,0,0,0,1
BGC0000172,0,0,0,1,0,0,0
BGC0000614,0,0,0,0,1,0,0
BGC0000173,0,0,0,1,0,0,0
BGC0002002,0,1,0,0,0,0,0
BGC0000615,0,0,0,0,1,0,0
BGC0000601,0,0,0,0,1,0,0
BGC0002016,0,0,0,1,0,0,0
BGC0000167,0,0,0,1,0,0,0
BGC0001251,0,1,0,0,0,0,0
BGC0001537,0,0,0,1,0,0,0
BGC0001523,0,0,0,1,0,0,0
BGC0001245,0,0,0,1,0,0,0
BGC0001292,0,0,1,0,0,0,0
BGC0000832,0,0,1,0,0,1,0
BGC0000826,1,0,0,0,0,0,0
BGC0000198,0,0,0,1,0,1,0
BGC0001286,0,0,1,0,0,0,0
BGC0001709,0,0,0,1,0,0,0
BGC0000417,0,1,0,0,0,0,0
BGC0002566,0,0,1,0,0,0,0
BGC0000371,0,1,0,0,0,0,0
BGC0000365,0,1,0,0,0,0,0
BGC0002572,0,1,0,1,0,0,0
BGC0002214,0,0,0,1,0,0,0
BGC0000403,0,1,0,0,0,0,0
BGC0001735,0,0,1,0,0,0,0
BGC0001053,0,1,0,1,0,0,0
BGC0000359,0,1,0,0,0,0,0
BGC0001047,0,1,0,1,0,0,0
BGC0001721,0,1,0,0,0,0,0
BGC0002228,0,1,0,0,0,0,0
BGC0001906,0,0,0,1,0,0,0
BGC0001090,0,1,0,1,0,0,0
BGC0001084,1,1,0,0,0,0,1
BGC0000563,0,0,0,0,1,0,0
BGC0002374,0,0,0,1,0,0,0
BGC0002412,0,1,0,0,0,0,0
BGC0000205,0,0,0,1,0,0,0
BGC0000211,0,0,0,1,0,0,0
BGC0002406,0,0,1,0,0,0,0
BGC0002360,0,1,0,0,0,0,0
BGC0000577,0,0,0,0,1,0,0
BGC0001669,0,0,0,0,1,0,0
BGC0002348,0,1,0,0,0,0,0
BGC0001899,0,0,0,1,0,0,0
BGC0001641,0,1,0,0,0,0,0
BGC0001127,0,1,0,0,0,0,0
BGC0000239,0,0,0,1,0,1,0
BGC0001133,0,1,0,0,0,0,0
BGC0001655,0,0,0,0,1,0,0
BGC0001866,0,0,0,1,0,0,0
BGC0001872,0,0,0,1,0,0,0
BGC0001682,0,0,1,0,0,0,0
BGC0001696,0,0,0,0,1,0,0
BGC0000588,0,0,0,0,1,0,0
BGC0000007,0,0,0,1,0,0,0
BGC0002610,0,0,0,0,0,0,1
BGC0002176,0,0,0,0,0,0,1
BGC0000761,0,0,0,0,0,1,0
BGC0000775,0,0,0,0,0,1,0
BGC0002162,0,0,0,0,0,0,1
BGC0002604,0,0,0,1,0,0,0
BGC0000013,0,0,0,1,0,0,0
BGC0001325,1,0,0,0,0,0,0
BGC0000985,0,1,0,1,0,0,0
BGC0001443,0,1,0,1,0,0,0
BGC0000991,0,1,0,1,0,0,0
BGC0001457,0,1,0,0,0,0,0
BGC0000749,0,0,0,0,0,1,0
BGC0001331,0,1,0,1,0,0,0
BGC0002638,0,1,0,0,0,0,0
BGC0000946,0,0,1,0,0,0,0
BGC0001480,0,0,1,0,0,0,0
BGC0001494,0,0,0,0,1,0,0
BGC0000944,0,0,1,0,0,0,0
BGC0001496,0,0,0,0,1,0,0
BGC0000950,0,1,1,0,0,0,0
BGC0000788,0,0,0,0,0,1,0
BGC0000978,1,1,0,1,0,0,0
BGC0002148,1,0,0,0,0,0,0
BGC0001441,0,0,1,0,0,0,0
BGC0001327,0,1,0,1,0,0,0
BGC0000039,0,0,0,1,0,0,0
BGC0001333,1,0,0,0,0,0,0
BGC0001455,0,1,0,1,0,0,0
BGC0000993,0,1,0,1,0,0,0
BGC0000763,0,0,0,0,0,1,0
BGC0002174,0,1,0,0,0,0,0
BGC0002612,0,0,0,0,0,0,1
BGC0000011,0,0,0,1,0,0,0
BGC0002606,0,1,0,1,0,0,0
BGC0002160,0,1,0,0,0,0,0
BGC0000777,0,0,0,0,0,1,0
BGC0001469,0,1,0,0,0,0,0
BGC0002389,0,0,0,0,0,0,1
BGC0001858,0,0,0,1,0,0,0
BGC0001680,0,0,1,0,0,0,0
BGC0001694,0,0,0,1,0,0,0
BGC0001864,0,0,0,0,1,0,0
BGC0001870,0,0,1,0,0,0,0
BGC0001125,0,1,0,1,0,0,0
BGC0001657,0,1,0,0,0,0,0
BGC0000549,0,0,0,0,1,0,0
BGC0001131,0,1,0,0,0,0,0
BGC0002438,1,0,0,0,0,0,0
BGC0000207,0,0,0,1,0,0,0
BGC0001119,0,0,0,1,0,0,0
BGC0002410,0,1,0,0,0,0,0
BGC0002376,0,0,0,1,0,0,0
BGC0000561,0,0,0,0,1,0,0
BGC0000575,0,0,0,0,1,0,0
BGC0002362,0,0,0,1,0,0,0
BGC0002404,0,0,1,0,0,0,0
BGC0000213,0,0,0,1,0,0,0
BGC0001938,0,0,0,1,0,0,0
BGC0000398,0,1,0,0,0,0,0
BGC0001910,0,0,0,0,0,0,1
BGC0001904,0,0,0,1,0,0,0
BGC0002558,0,0,0,1,0,0,0
BGC0001051,0,1,0,1,0,0,0
BGC0000429,0,1,0,1,0,0,0
BGC0001737,0,1,0,1,0,0,0
BGC0001723,0,0,0,1,0,0,0
BGC0001045,0,1,0,1,0,0,0
BGC0000373,0,1,0,0,0,0,0
BGC0002564,0,1,0,0,0,0,0
BGC0000415,0,1,0,0,0,0,0
BGC0000401,0,1,0,0,0,0,0
BGC0002216,0,0,0,0,0,0,1
BGC0002570,0,1,0,1,0,0,0
BGC0001079,0,0,0,1,0,0,1
BGC0000367,0,1,0,0,0,0,0
BGC0000830,0,0,1,0,0,0,0
BGC0001290,0,1,0,0,0,0,0
BGC0001284,0,0,0,1,0,0,0
BGC0000818,0,1,0,0,0,0,0
BGC0001535,0,0,1,0,0,0,0
BGC0000159,0,0,0,1,0,0,0
BGC0001521,0,1,0,0,0,0,0
BGC0002028,0,0,0,1,0,0,0
BGC0001509,0,1,0,0,0,0,0
BGC0000617,0,0,0,0,1,0,0
BGC0002000,0,0,0,1,0,0,0
BGC0000171,0,0,0,1,0,0,0
BGC0000165,0,0,0,1,0,0,0
BGC0002014,0,1,0,1,0,0,0
BGC0000603,0,0,0,0,1,0,0
BGC0000164,0,0,0,1,0,0,0
BGC0000602,0,0,0,0,1,0,0
BGC0002015,0,0,0,0,1,0,0
BGC0002001,0,1,0,1,0,0,0
BGC0000616,0,0,0,0,1,0,0
BGC0001508,0,0,0,1,0,0,0
BGC0000170,0,0,0,1,0,0,0
BGC0001246,0,0,0,1,0,0,0
BGC0000158,0,0,0,1,0,0,0
BGC0001520,0,0,0,1,0,0,0
BGC0001534,0,0,1,0,0,0,0
BGC0001252,0,0,0,1,0,0,0
BGC0000819,1,1,0,0,0,0,0
BGC0001285,0,0,1,0,0,0,0
BGC0000825,1,0,0,0,0,0,0
BGC0000831,1,0,0,0,0,0,0
BGC0001291,0,0,0,0,1,0,0
BGC0002217,0,0,0,0,0,0,1
BGC0000400,0,1,0,0,0,0,0
BGC0000366,0,1,0,0,0,0,0
BGC0001078,0,0,0,1,0,0,1
BGC0002571,0,1,0,0,0,0,0
BGC0002565,0,1,0,0,0,0,0
BGC0000372,0,1,0,0,0,0,0
BGC0000414,0,1,0,0,0,0,0
BGC0002203,0,1,1,1,0,0,0
BGC0001722,0,0,0,1,0,0,0
BGC0001044,0,1,0,0,0,0,0
BGC0001050,0,1,0,1,0,0,0
BGC0002559,0,0,0,1,0,0,0
BGC0001736,0,1,0,0,0,0,0
BGC0000428,0,1,0,0,0,0,0
BGC0001905,0,0,0,1,0,0,0
BGC0001911,0,0,0,0,0,0,1
BGC0000399,0,1,0,0,0,0,0
BGC0001093,0,1,0,1,0,0,0
BGC0002363,0,0,0,0,1,0,0
BGC0000574,0,0,0,0,1,0,0
BGC0000212,0,0,0,1,0,0,0
BGC0002405,0,0,0,0,0,1,0
BGC0002411,0,1,0,1,0,0,0
BGC0001118,0,0,0,1,0,0,0
BGC0000560,0,0,0,0,1,0,0
BGC0002377,0,1,0,0,0,0,0
BGC0000548,0,0,0,0,1,0,0
BGC0001656,0,0,0,1,0,0,0
BGC0002439,0,0,1,0,0,0,0
BGC0001130,0,1,0,1,0,0,0
BGC0001124,0,0,0,1,0,0,0
BGC0001642,0,0,0,0,0,0,1
BGC0001865,0,0,0,1,0,0,0
BGC0001695,0,1,0,0,0,0,0
BGC0001681,0,0,1,0,0,0,0
BGC0001859,0,0,1,0,0,0,0
BGC0002388,0,0,0,0,0,0,1
BGC0002607,0,1,0,1,0,0,0
BGC0000010,0,0,0,1,0,0,0
BGC0001468,0,0,1,0,0,0,0
BGC0000776,0,0,0,0,0,1,0
BGC0002161,0,0,0,1,0,0,0
BGC0002175,0,0,0,1,0,0,0
BGC0000762,0,0,0,0,0,1,0
BGC0000004,0,0,0,1,0,0,0
BGC0002613,0,1,0,1,0,0,0
BGC0001332,0,1,0,1,0,0,0
BGC0000992,0,1,0,1,0,0,0
BGC0001454,0,0,1,0,0,0,0
BGC0000986,0,1,0,1,0,0,0
BGC0001440,0,0,1,0,0,0,0
BGC0002149,0,1,0,0,0,0,1
BGC0000038,0,0,0,1,0,0,0
BGC0000979,0,1,0,1,0,0,0
BGC0000789,0,0,0,0,0,1,0
BGC0000951,0,1,0,0,0,0,0
BGC0000945,0,0,1,0,0,0,0
BGC0001483,0,0,1,0,0,0,0
BGC0000969,0,1,0,1,0,0,0
BGC0000941,0,0,1,0,0,0,0
BGC0001487,0,0,1,0,0,0,0
BGC0000799,0,0,0,0,0,1,0
BGC0000955,0,1,0,1,0,0,0
BGC0001493,0,0,0,0,1,0,0
BGC0002617,0,1,0,0,0,0,0
BGC0000766,0,0,0,0,0,1,0
BGC0001478,0,0,1,0,0,0,0
BGC0002171,0,1,0,1,0,0,0
BGC0002165,0,0,0,1,0,0,0
BGC0000772,0,0,0,0,0,1,0
BGC0000014,0,0,0,1,0,0,0
BGC0002603,0,0,0,1,0,0,0
BGC0001322,0,0,0,0,0,0,1
BGC0000982,0,1,0,1,0,0,0
BGC0001444,0,0,1,0,0,0,0
BGC0000996,0,1,0,1,0,0,0
BGC0001336,1,0,0,0,0,0,0
BGC0000028,0,0,0,1,0,0,0
BGC0001861,0,0,0,0,1,0,0
BGC0001875,0,0,0,1,0,0,0
BGC0001685,0,0,1,0,0,0,0
BGC0001849,0,0,0,0,1,0,0
BGC0002398,0,0,0,0,0,0,1
BGC0002373,0,1,0,0,0,0,0
BGC0000564,0,0,0,0,1,0,0
BGC0000202,0,0,0,1,0,0,0
BGC0002415,0,1,0,0,0,0,0
BGC0002401,0,0,0,0,0,0,1
BGC0000216,0,0,0,1,0,0,0
BGC0001108,0,1,0,1,0,0,0
BGC0000570,0,0,0,0,1,0,0
BGC0002367,0,1,0,0,0,0,0
BGC0001646,0,1,0,1,0,0,0
BGC0000558,0,0,0,0,1,0,0
BGC0002429,0,0,0,1,0,0,1
BGC0001134,0,0,1,0,0,0,0
BGC0001652,0,1,0,0,0,0,0
BGC0001929,0,0,0,0,1,0,0
BGC0001083,0,0,0,1,0,0,1
BGC0002207,0,0,1,0,0,0,0
BGC0000410,0,1,0,0,0,0,0
BGC0001068,0,0,0,1,0,0,1
BGC0000376,0,1,0,0,0,0,0
BGC0002561,1,0,0,0,0,0,0
BGC0002575,0,0,0,0,1,0,0
BGC0000362,0,1,0,0,0,0,0
BGC0000404,0,1,0,0,0,0,0
BGC0002213,0,0,0,1,0,0,0
BGC0001732,0,0,1,0,0,0,0
BGC0001054,0,1,0,1,0,0,0
BGC0001040,0,1,0,1,0,0,0
BGC0000438,0,1,0,0,0,0,0
BGC0001726,0,1,0,1,0,0,0
BGC0000809,1,0,0,0,0,0,0
BGC0001295,0,0,1,0,0,0,0
BGC0000835,0,0,0,1,0,0,0
BGC0000821,1,0,0,0,0,0,0
BGC0001281,0,0,0,1,0,0,0
BGC0000174,0,0,0,1,0,0,0
BGC0000612,0,0,0,0,1,0,0
BGC0002005,0,0,0,0,1,0,0
BGC0002011,0,0,0,1,0,0,0
BGC0001518,0,0,0,0,0,0,1
BGC0000606,0,0,0,0,1,0,0
BGC0000160,0,0,0,1,0,0,0
BGC0000148,0,0,0,1,0,0,0
BGC0002039,0,0,1,0,0,0,0
BGC0001524,0,1,0,1,0,0,0
BGC0001242,0,0,0,1,0,0,0
BGC0001525,0,0,1,0,0,0,0
BGC0001257,0,0,0,1,0,0,0
BGC0000149,0,0,0,1,0,0,0
BGC0001531,0,0,1,0,0,0,0
BGC0002038,0,0,0,1,0,0,0
BGC0000607,0,0,0,0,1,0,0
BGC0001519,0,1,0,1,0,0,0
BGC0002010,0,1,0,1,0,0,0
BGC0000161,0,0,0,1,0,0,0
BGC0000175,0,0,0,1,0,0,0
BGC0002004,0,0,0,0,1,0,0
BGC0000613,0,0,0,0,1,0,0
BGC0000820,1,0,0,0,0,0,0
BGC0001294,0,0,1,0,0,0,0
BGC0000834,0,0,1,0,0,1,0
BGC0002548,0,1,0,0,0,0,0
BGC0001041,0,1,0,1,0,0,0
BGC0001727,0,0,0,0,1,0,0
BGC0000439,0,1,0,0,0,0,0
BGC0001733,0,0,0,0,1,0,0
BGC0001055,0,1,0,1,0,0,0
BGC0000363,0,1,0,0,0,0,0
BGC0002212,0,0,0,1,0,0,0
BGC0000405,0,1,0,0,0,0,0
BGC0000411,0,1,0,0,0,0,0
BGC0002206,0,0,0,1,0,0,0
BGC0002560,0,0,0,0,1,0,0
BGC0000377,0,1,0,0,0,0,0
BGC0001069,0,1,0,1,0,0,0
BGC0001082,0,0,0,0,0,0,1
BGC0001928,0,0,1,0,0,0,0
BGC0000388,0,1,0,0,0,0,0
BGC0001135,0,1,0,0,0,0,0
BGC0001653,0,0,0,1,0,0,0
BGC0000559,0,0,0,0,1,0,0
BGC0001647,0,0,0,1,0,0,0
BGC0002428,0,0,0,1,0,0,1
BGC0001109,0,1,0,1,0,0,0
BGC0000217,0,0,0,1,0,0,0
BGC0002400,0,0,0,0,0,0,1
BGC0002366,0,0,0,1,0,0,0
BGC0000571,0,0,0,0,1,0,0
BGC0000565,0,0,0,0,1,0,0
BGC0002372,1,0,0,1,0,0,1
BGC0002414,0,1,0,0,0,0,0
BGC0000203,0,0,0,1,0,0,0
BGC0002399,0,0,0,0,0,0,1
BGC0001690,0,0,0,1,0,0,0
BGC0001848,0,0,1,0,0,0,0
BGC0001684,0,0,1,0,0,0,0
BGC0001874,0,1,0,1,0,0,0
BGC0001860,0,0,0,0,1,0,0
BGC0002158,0,1,0,1,0,0,0
BGC0001451,0,1,0,0,0,0,0
BGC0000997,0,1,0,1,0,0,0
BGC0000029,0,0,0,1,0,0,0
BGC0001337,1,0,0,0,0,0,0
BGC0001323,0,0,0,0,0,0,1
BGC0001445,0,1,0,1,0,0,0
BGC0000983,0,1,0,1,0,0,0
BGC0000773,0,0,0,0,0,1,0
BGC0002164,0,1,0,0,0,0,0
BGC0002602,1,0,0,0,0,0,0
BGC0000001,0,0,0,1,0,0,0
BGC0002616,0,0,0,1,0,0,0
BGC0002170,0,0,0,1,0,0,0
BGC0001479,0,1,0,0,0,0,0
BGC0000767,0,0,0,0,0,1,0
BGC0001492,0,0,0,1,0,0,0
BGC0000954,0,1,0,1,0,0,0
BGC0000798,0,0,0,0,0,1,0
BGC0001486,0,0,0,0,1,0,0
BGC0000940,0,0,1,0,0,0,0
BGC0000968,0,1,0,1,0,0,0
BGC0002199,1,0,0,0,0,0,0
BGC0000956,0,1,0,1,0,0,0
BGC0001490,0,0,1,0,0,0,0
BGC0000942,0,0,1,0,0,0,0
BGC0001484,0,0,1,0,0,0,0
BGC0000017,1,0,0,1,0,0,0
BGC0002166,0,1,0,0,0,0,0
BGC0000765,0,0,0,0,0,1,0
BGC0002172,0,1,0,0,0,0,0
BGC0002614,0,1,0,1,0,0,0
BGC0000003,0,0,0,1,0,0,0
BGC0001335,1,0,0,0,0,0,0
BGC0000995,0,1,0,1,0,0,0
BGC0001453,0,0,1,0,0,0,0
BGC0000759,0,0,0,0,0,1,0
BGC0000981,0,1,0,1,0,0,0
BGC0001447,0,0,0,1,0,0,0
BGC0001321,0,0,0,0,0,0,1
BGC0001876,0,1,0,0,0,0,0
BGC0001862,0,0,0,0,1,0,0
BGC0001692,0,1,0,0,0,0,0
BGC0000598,0,0,0,0,1,0,0
BGC0001686,0,1,0,0,0,0,0
BGC0000573,0,0,0,0,1,0,0
BGC0002364,0,0,0,1,0,0,0
BGC0002402,0,0,0,0,0,0,1
BGC0000215,0,0,0,1,0,0,0
BGC0000201,0,0,0,1,0,1,0
BGC0002416,0,1,0,1,0,0,0
BGC0002370,0,1,0,0,0,0,0
BGC0001679,0,1,0,0,0,0,0
BGC0000567,0,0,0,0,1,0,0
BGC0002358,0,0,0,1,0,0,0
BGC0001651,0,0,1,0,0,0,0
BGC0001889,0,0,0,0,1,0,0
BGC0000229,0,0,0,1,0,1,0
BGC0001137,1,0,0,0,0,0,0
BGC0001123,0,1,0,0,0,0,0
BGC0001645,0,0,0,0,1,0,0
BGC0001902,0,1,0,1,0,0,0
BGC0001080,0,0,1,0,0,0,0
BGC0001094,0,1,0,1,0,0,0
BGC0000407,0,1,0,0,0,0,0
BGC0001719,0,0,0,1,0,0,0
BGC0002210,0,1,0,1,0,0,0
BGC0002576,0,0,0,0,1,0,0
BGC0000375,0,1,0,0,0,0,0
BGC0002204,0,1,0,1,0,0,0
BGC0000413,0,1,0,0,0,0,0
BGC0001725,0,0,1,0,0,0,0
BGC0001043,0,1,0,1,0,0,0
BGC0001057,0,1,0,1,0,0,0
BGC0000349,0,1,0,0,0,0,0
BGC0001731,0,0,1,0,0,0,0
BGC0002238,0,0,0,1,0,0,0
BGC0000822,1,0,0,0,0,0,0
BGC0000836,0,0,1,0,0,0,0
BGC0001296,0,0,0,1,0,0,0
BGC0000188,1,0,0,0,0,0,0
BGC0000163,0,0,0,1,0,0,0
BGC0002012,0,0,0,1,0,0,0
BGC0000605,0,0,0,0,1,0,0
BGC0000611,0,0,0,0,1,0,0
BGC0002006,0,0,0,0,1,0,0
BGC0000177,0,0,0,1,0,0,0
BGC0001241,0,0,0,0,0,0,1
BGC0001527,0,0,1,0,0,0,0
BGC0000639,0,0,0,0,0,0,1
BGC0001533,0,0,0,1,0,0,0
BGC0001255,0,1,0,1,0,0,0
BGC0001532,0,1,0,0,0,0,0
BGC0001254,0,0,0,1,0,0,0
BGC0001240,0,1,0,0,0,0,0
BGC0002749,0,1,0,1,0,0,0
BGC0000638,0,0,0,0,0,0,1
BGC0001526,0,0,1,0,0,0,0
BGC0002007,0,0,0,0,0,0,1
BGC0000610,0,0,0,0,1,0,0
BGC0001268,0,1,0,1,0,0,0
BGC0000176,0,0,0,1,0,0,0
BGC0000162,0,0,0,1,0,0,0
BGC0000604,0,0,0,0,1,0,0
BGC0002013,0,0,0,0,1,0,0
BGC0000837,0,0,1,0,0,0,0
BGC0000189,0,0,0,1,0,0,0
BGC0001297,0,1,0,0,0,0,0
BGC0001283,0,0,0,1,0,0,0
BGC0000823,1,0,0,0,0,0,0
BGC0000348,0,1,0,0,0,0,0
BGC0001056,0,1,0,1,0,0,0
BGC0002239,0,1,0,1,0,0,0
BGC0001730,0,0,0,1,0,0,0
BGC0001724,0,1,0,1,0,0,0
BGC0001042,0,1,0,1,0,0,0
BGC0002563,0,1,0,0,0,0,0
BGC0000374,0,1,0,0,0,0,0
BGC0000412,0,1,0,0,0,0,0
BGC0002205,0,1,0,1,0,0,0
BGC0002211,0,0,0,1,0,0,0
BGC0001718,0,1,0,0,0,0,0
BGC0000406,0,1,0,0,0,0,0
BGC0000360,0,1,0,0,0,0,0
BGC0002577,0,0,0,0,1,0,0
BGC0001095,0,1,0,0,0,0,0
BGC0002588,0,0,1,0,0,0,0
BGC0001917,0,0,0,1,0,0,0
BGC0001903,0,0,1,0,0,0,0
BGC0001122,0,1,0,1,0,0,0
BGC0001644,0,0,0,1,0,0,0
BGC0001888,0,0,1,0,0,0,0
BGC0001650,0,1,0,0,0,0,0
BGC0002359,0,1,0,0,0,0,0
BGC0001136,0,1,0,1,0,0,0
BGC0002417,0,1,0,1,0,0,0
BGC0000200,0,0,0,1,0,1,0
BGC0000566,0,0,0,0,1,0,0
BGC0001678,0,0,1,0,0,0,0
BGC0002365,0,0,1,1,0,0,0
BGC0000572,0,0,0,0,1,0,0
BGC0000214,0,0,0,1,0,0,0
BGC0002403,0,0,0,1,0,0,0
BGC0001687,0,0,1,0,0,0,0
BGC0000599,0,0,0,0,1,0,0
BGC0001693,0,0,0,1,0,0,0
BGC0001863,0,0,0,0,1,0,1
BGC0001877,0,0,0,1,0,0,0
BGC0001446,0,0,0,1,0,0,0
BGC0000980,0,1,0,1,0,0,0
BGC0000758,0,0,0,0,0,1,0
BGC0002629,0,0,0,0,1,0,0
BGC0001334,1,0,0,0,0,0,0
BGC0001452,0,0,0,1,0,0,0
BGC0000994,0,1,0,1,0,0,0
BGC0002173,0,0,0,0,0,1,1
BGC0000764,0,0,0,0,0,1,0
BGC0000002,0,0,0,1,0,0,0
BGC0002615,0,0,0,0,0,0,1
BGC0000016,0,0,1,0,0,0,0
BGC0000770,0,0,0,0,0,1,0
BGC0002167,0,1,0,0,0,0,0
BGC0001485,1,0,0,0,0,0,0
BGC0000943,0,0,1,0,0,0,0
BGC0001491,0,0,0,1,0,0,0
BGC0000957,0,1,0,1,0,0,0
BGC0002198,0,1,0,0,0,0,0
